Traffic_registration_point,Name,Road_reference,From,To,Year,Month,Traffic_volume,Confidence_interval_start,Confidence_interval_end,Coverage (%),Total_days,Included_days,Invalid_days,Invalid_length,Length_quality_grade (%),Lane,under_5_6m,over_5_6m,5_6m_to_7_6m,7_6m_to_12_5m,12_5m_to_16_0m,over_16_0m,16_0m_to_24_0m,over_24_0m,Hour,From_Date,From_Time,To_Date,To_Time,Day_of_Week,Light_Vehicles,Heavy_Vehicles,Traffic_Volume_Check,Traffic_Volume_Difference,Days_Check,Traffic_Volume_Outlier
71608V603756,Bygdøy alle,KV10967 S1D1 m1314,2020-01-31 23:00:00,2020-02-29 23:00:00,2020,1,6420,5881,6959,34.5,29,10,2,297,95.4,1,5657,466,152,100,32,182,178,4,23,2020-01-31,23:00:00,2020-02-29,23:00:00,Friday,5657,1114,6771,-351,17,False
71608V603756,Bygdøy alle,KV10967 S1D1 m1314,2020-01-31 23:00:00,2020-02-29 23:00:00,2020,1,6593,6098,7088,34.5,29,10,2,38,99.4,2,5872,683,162,77,11,433,431,2,23,2020-01-31,23:00:00,2020-02-29,23:00:00,Friday,5872,1799,7671,-1078,17,False
71608V603756,Bygdøy alle,KV10967 S1D1 m1314,2020-01-31 23:00:00,2020-02-29 23:00:00,2020,1,1460,1338,1582,34.5,29,10,2,5,99.7,3,1099,356,33,15,4,303,302,1,23,2020-01-31,23:00:00,2020-02-29,23:00:00,Friday,1099,1014,2113,-653,17,True
71608V603756,Bygdøy alle,KV10967 S1D1 m1314,2020-01-31 23:00:00,2020-02-29 23:00:00,2020,1,6610,6116,7104,34.5,29,10,2,40,99.4,Totalt i retning Solli Plass,5877,693,164,82,12,434,432,2,23,2020-01-31,23:00:00,2020-02-29,23:00:00,Friday,5877,1819,7696,-1086,17,False
71608V603756,Bygdøy alle,KV10967 S1D1 m1314,2020-01-31 23:00:00,2020-02-29 23:00:00,2020,1,7863,7219,8507,34.5,29,10,2,301,96.2,Totalt i retning Skøyen,6751,812,182,110,35,485,479,6,23,2020-01-31,23:00:00,2020-02-29,23:00:00,Friday,6751,2109,8860,-997,17,False
71608V603756,Bygdøy alle,KV10967 S1D1 m1314,2020-01-31 23:00:00,2020-02-29 23:00:00,2020,1,14473,13337,15609,34.5,29,10,2,340,97.7,Totalt,12628,1505,346,192,48,920,912,8,23,2020-01-31,23:00:00,2020-02-29,23:00:00,Friday,12628,3931,16559,-2086,17,True
71608V603756,Bygdøy alle,KV10967 S1D1 m1314,2020-02-29 23:00:00,2020-03-31 22:00:00,2020,2,5302,5302,5302,100.0,31,31,0,243,95.4,1,4632,428,128,94,27,180,176,4,23,2020-02-29,23:00:00,2020-03-31,22:00:00,Saturday,4632,1037,5669,-367,0,False
71608V603756,Bygdøy alle,KV10967 S1D1 m1314,2020-02-29 23:00:00,2020-03-31 22:00:00,2020,2,5484,5484,5484,100.0,31,31,0,18,99.7,2,4825,641,130,79,9,423,422,1,23,2020-02-29,23:00:00,2020-03-31,22:00:00,Saturday,4825,1705,6530,-1046,0,False
71608V603756,Bygdøy alle,KV10967 S1D1 m1314,2020-02-29 23:00:00,2020-03-31 22:00:00,2020,2,1199,1199,1199,100.0,31,31,0,4,99.7,3,856,339,30,12,3,294,293,1,23,2020-02-29,23:00:00,2020-03-31,22:00:00,Saturday,856,972,1828,-629,0,True
71608V603756,Bygdøy alle,KV10967 S1D1 m1314,2020-02-29 23:00:00,2020-03-31 22:00:00,2020,2,5501,5501,5501,100.0,31,31,0,20,99.6,Totalt i retning Solli Plass,4831,650,132,84,9,425,424,1,23,2020-02-29,23:00:00,2020-03-31,22:00:00,Saturday,4831,1725,6556,-1055,0,False
71608V603756,Bygdøy alle,KV10967 S1D1 m1314,2020-02-29 23:00:00,2020-03-31 22:00:00,2020,2,6484,6484,6484,100.0,31,31,0,246,96.2,Totalt i retning Skøyen,5481,757,156,101,29,472,467,5,23,2020-02-29,23:00:00,2020-03-31,22:00:00,Saturday,5481,1987,7468,-984,0,False
71608V603756,Bygdøy alle,KV10967 S1D1 m1314,2020-02-29 23:00:00,2020-03-31 22:00:00,2020,2,11985,11985,11985,100.0,31,31,0,265,97.8,Totalt,10312,1407,288,184,39,897,891,6,23,2020-02-29,23:00:00,2020-03-31,22:00:00,Saturday,10312,3712,14024,-2039,0,True
71608V603756,Bygdøy alle,KV10967 S1D1 m1314,2020-03-31 22:00:00,2020-04-30 22:00:00,2020,3,5513,5513,5513,100.0,30,30,0,273,95.0,1,4833,407,112,95,25,176,172,4,22,2020-03-31,22:00:00,2020-04-30,22:00:00,Tuesday,4833,991,5824,-311,0,False
71608V603756,Bygdøy alle,KV10967 S1D1 m1314,2020-03-31 22:00:00,2020-04-30 22:00:00,2020,3,5586,5586,5586,100.0,30,30,0,14,99.7,2,4958,614,120,78,6,410,409,1,22,2020-03-31,22:00:00,2020-04-30,22:00:00,Tuesday,4958,1638,6596,-1010,0,False
71608V603756,Bygdøy alle,KV10967 S1D1 m1314,2020-03-31 22:00:00,2020-04-30 22:00:00,2020,3,1174,1174,1174,100.0,30,30,0,6,99.5,3,852,317,24,11,3,279,278,1,22,2020-03-31,22:00:00,2020-04-30,22:00:00,Tuesday,852,913,1765,-591,0,True
71608V603756,Bygdøy alle,KV10967 S1D1 m1314,2020-03-31 22:00:00,2020-04-30 22:00:00,2020,3,5601,5601,5601,100.0,30,30,0,15,99.7,Totalt i retning Solli Plass,4964,622,123,81,7,412,411,1,22,2020-03-31,22:00:00,2020-04-30,22:00:00,Tuesday,4964,1657,6621,-1020,0,False
71608V603756,Bygdøy alle,KV10967 S1D1 m1314,2020-03-31 22:00:00,2020-04-30 22:00:00,2020,3,6672,6672,6672,100.0,30,30,0,278,95.8,Totalt i retning Skøyen,5679,716,132,103,27,453,448,5,22,2020-03-31,22:00:00,2020-04-30,22:00:00,Tuesday,5679,1884,7563,-891,0,False
71608V603756,Bygdøy alle,KV10967 S1D1 m1314,2020-03-31 22:00:00,2020-04-30 22:00:00,2020,3,12273,12273,12273,100.0,30,30,0,293,97.6,Totalt,10643,1338,255,185,34,864,859,5,22,2020-03-31,22:00:00,2020-04-30,22:00:00,Tuesday,10643,3540,14183,-1910,0,True
71608V603756,Bygdøy alle,KV10967 S1D1 m1314,2020-04-30 22:00:00,2020-05-31 22:00:00,2020,4,5839,5839,5839,100.0,31,31,0,396,93.2,1,5031,411,119,95,27,170,165,5,22,2020-04-30,22:00:00,2020-05-31,22:00:00,Thursday,5031,992,6023,-184,0,False
71608V603756,Bygdøy alle,KV10967 S1D1 m1314,2020-04-30 22:00:00,2020-05-31 22:00:00,2020,4,6244,6244,6244,100.0,31,31,0,36,99.4,2,5530,679,162,84,11,422,420,2,22,2020-04-30,22:00:00,2020-05-31,22:00:00,Thursday,5530,1780,7310,-1066,0,False
71608V603756,Bygdøy alle,KV10967 S1D1 m1314,2020-04-30 22:00:00,2020-05-31 22:00:00,2020,4,1383,1383,1383,100.0,31,31,0,13,99.1,3,1041,329,29,14,4,282,281,1,22,2020-04-30,22:00:00,2020-05-31,22:00:00,Thursday,1041,940,1981,-598,0,True
71608V603756,Bygdøy alle,KV10967 S1D1 m1314,2020-04-30 22:00:00,2020-05-31 22:00:00,2020,4,6260,6260,6260,100.0,31,31,0,39,99.4,Totalt i retning Solli Plass,5534,687,165,86,12,424,422,2,22,2020-04-30,22:00:00,2020-05-31,22:00:00,Thursday,5534,1798,7332,-1072,0,False
71608V603756,Bygdøy alle,KV10967 S1D1 m1314,2020-04-30 22:00:00,2020-05-31 22:00:00,2020,4,7206,7206,7206,100.0,31,31,0,405,94.4,Totalt i retning Skøyen,6068,733,145,107,31,450,444,6,22,2020-04-30,22:00:00,2020-05-31,22:00:00,Thursday,6068,1916,7984,-778,0,False
71608V603756,Bygdøy alle,KV10967 S1D1 m1314,2020-04-30 22:00:00,2020-05-31 22:00:00,2020,4,13466,13466,13466,100.0,31,31,0,444,96.7,Totalt,11602,1420,310,193,43,873,865,8,22,2020-04-30,22:00:00,2020-05-31,22:00:00,Thursday,11602,3712,15314,-1848,0,True
71608V603756,Bygdøy alle,KV10967 S1D1 m1314,2020-05-31 22:00:00,2020-06-30 22:00:00,2020,5,6265,6265,6265,100.0,30,30,0,472,92.5,1,5356,438,128,105,30,175,170,5,22,2020-05-31,22:00:00,2020-06-30,22:00:00,Sunday,5356,1051,6407,-142,0,False
71608V603756,Bygdøy alle,KV10967 S1D1 m1314,2020-05-31 22:00:00,2020-06-30 22:00:00,2020,5,7078,7078,7078,100.0,30,30,0,46,99.4,2,6259,773,206,109,12,445,443,2,22,2020-05-31,22:00:00,2020-06-30,22:00:00,Sunday,6259,1990,8249,-1171,0,False
71608V603756,Bygdøy alle,KV10967 S1D1 m1314,2020-05-31 22:00:00,2020-06-30 22:00:00,2020,5,1633,1633,1633,100.0,30,30,0,15,99.1,3,1269,348,38,18,5,287,285,2,22,2020-05-31,22:00:00,2020-06-30,22:00:00,Sunday,1269,983,2252,-619,0,True
71608V603756,Bygdøy alle,KV10967 S1D1 m1314,2020-05-31 22:00:00,2020-06-30 22:00:00,2020,5,7093,7093,7093,100.0,30,30,0,49,99.3,Totalt i retning Solli Plass,6263,780,209,112,13,446,444,2,22,2020-05-31,22:00:00,2020-06-30,22:00:00,Sunday,6263,2006,8269,-1176,0,False
71608V603756,Bygdøy alle,KV10967 S1D1 m1314,2020-05-31 22:00:00,2020-06-30 22:00:00,2020,5,7883,7883,7883,100.0,30,30,0,484,93.9,Totalt i retning Skøyen,6621,778,164,120,35,460,453,7,22,2020-05-31,22:00:00,2020-06-30,22:00:00,Sunday,6621,2017,8638,-755,0,False
71608V603756,Bygdøy alle,KV10967 S1D1 m1314,2020-05-31 22:00:00,2020-06-30 22:00:00,2020,5,14976,14976,14976,100.0,30,30,0,534,96.4,Totalt,12884,1559,373,232,48,906,897,9,22,2020-05-31,22:00:00,2020-06-30,22:00:00,Sunday,12884,4024,16908,-1932,0,True
71608V603756,Bygdøy alle,KV10967 S1D1 m1314,2020-06-30 22:00:00,2020-07-31 22:00:00,2020,6,5150,5150,5150,100.0,31,31,0,209,95.9,1,4480,461,121,88,25,227,224,3,22,2020-06-30,22:00:00,2020-07-31,22:00:00,Tuesday,4480,1149,5629,-479,0,False
71608V603756,Bygdøy alle,KV10967 S1D1 m1314,2020-06-30 22:00:00,2020-07-31 22:00:00,2020,6,5082,5082,5082,100.0,31,31,0,8,99.8,2,4433,641,149,79,3,410,410,0,22,2020-06-30,22:00:00,2020-07-31,22:00:00,Tuesday,4433,1692,6125,-1043,0,False
71608V603756,Bygdøy alle,KV10967 S1D1 m1314,2020-06-30 22:00:00,2020-07-31 22:00:00,2020,6,1123,1123,1123,100.0,31,31,0,5,99.6,3,814,304,24,11,4,266,265,1,22,2020-06-30,22:00:00,2020-07-31,22:00:00,Tuesday,814,875,1689,-566,0,True
71608V603756,Bygdøy alle,KV10967 S1D1 m1314,2020-06-30 22:00:00,2020-07-31 22:00:00,2020,6,5108,5108,5108,100.0,31,31,0,10,99.8,Totalt i retning Solli Plass,4447,651,152,83,4,412,412,0,22,2020-06-30,22:00:00,2020-07-31,22:00:00,Tuesday,4447,1714,6161,-1053,0,False
71608V603756,Bygdøy alle,KV10967 S1D1 m1314,2020-06-30 22:00:00,2020-07-31 22:00:00,2020,6,6248,6248,6248,100.0,31,31,0,213,96.6,Totalt i retning Skøyen,5280,755,143,95,27,490,486,4,22,2020-06-30,22:00:00,2020-07-31,22:00:00,Tuesday,5280,2000,7280,-1032,0,False
71608V603756,Bygdøy alle,KV10967 S1D1 m1314,2020-06-30 22:00:00,2020-07-31 22:00:00,2020,6,11356,11356,11356,100.0,31,31,0,223,98.0,Totalt,9727,1406,295,178,32,902,898,4,22,2020-06-30,22:00:00,2020-07-31,22:00:00,Tuesday,9727,3715,13442,-2086,0,True
71608V603756,Bygdøy alle,KV10967 S1D1 m1314,2020-07-31 22:00:00,2020-08-31 22:00:00,2020,7,5938,5938,5938,100.0,31,31,0,364,93.9,1,5130,443,133,90,30,191,187,4,22,2020-07-31,22:00:00,2020-08-31,22:00:00,Friday,5130,1078,6208,-270,0,False
71608V603756,Bygdøy alle,KV10967 S1D1 m1314,2020-07-31 22:00:00,2020-08-31 22:00:00,2020,7,6237,6237,6237,100.0,31,31,0,24,99.6,2,5529,684,171,83,6,425,424,1,22,2020-07-31,22:00:00,2020-08-31,22:00:00,Friday,5529,1794,7323,-1086,0,False
71608V603756,Bygdøy alle,KV10967 S1D1 m1314,2020-07-31 22:00:00,2020-08-31 22:00:00,2020,7,1292,1292,1292,100.0,31,31,0,10,99.2,3,964,318,27,13,4,275,273,2,22,2020-07-31,22:00:00,2020-08-31,22:00:00,Friday,964,912,1876,-584,0,True
71608V603756,Bygdøy alle,KV10967 S1D1 m1314,2020-07-31 22:00:00,2020-08-31 22:00:00,2020,7,6250,6250,6250,100.0,31,31,0,26,99.6,Totalt i retning Solli Plass,5533,691,173,85,6,426,425,1,22,2020-07-31,22:00:00,2020-08-31,22:00:00,Friday,5533,1807,7340,-1090,0,False
71608V603756,Bygdøy alle,KV10967 S1D1 m1314,2020-07-31 22:00:00,2020-08-31 22:00:00,2020,7,7217,7217,7217,100.0,31,31,0,372,94.8,Totalt i retning Skøyen,6090,754,158,100,33,464,458,6,22,2020-07-31,22:00:00,2020-08-31,22:00:00,Friday,6090,1973,8063,-846,0,False
71608V603756,Bygdøy alle,KV10967 S1D1 m1314,2020-07-31 22:00:00,2020-08-31 22:00:00,2020,7,13467,13467,13467,100.0,31,31,0,398,97.0,Totalt,11624,1445,331,185,40,890,883,7,22,2020-07-31,22:00:00,2020-08-31,22:00:00,Friday,11624,3781,15405,-1938,0,True
71608V603756,Bygdøy alle,KV10967 S1D1 m1314,2020-08-31 22:00:00,2020-09-30 22:00:00,2020,8,5917,5917,5917,100.0,30,30,0,343,94.2,1,5199,375,142,91,22,119,115,4,22,2020-08-31,22:00:00,2020-09-30,22:00:00,Monday,5199,868,6067,-150,0,False
71608V603756,Bygdøy alle,KV10967 S1D1 m1314,2020-08-31 22:00:00,2020-09-30 22:00:00,2020,8,6310,6310,6310,100.0,30,30,0,16,99.7,2,5729,565,194,88,5,278,277,1,22,2020-08-31,22:00:00,2020-09-30,22:00:00,Monday,5729,1408,7137,-827,0,False
71608V603756,Bygdøy alle,KV10967 S1D1 m1314,2020-08-31 22:00:00,2020-09-30 22:00:00,2020,8,1255,1255,1255,100.0,30,30,0,7,99.4,3,1010,238,34,14,4,187,186,1,22,2020-08-31,22:00:00,2020-09-30,22:00:00,Monday,1010,664,1674,-419,0,True
71608V603756,Bygdøy alle,KV10967 S1D1 m1314,2020-08-31 22:00:00,2020-09-30 22:00:00,2020,8,6320,6320,6320,100.0,30,30,0,17,99.7,Totalt i retning Solli Plass,5733,569,195,90,5,279,278,1,22,2020-08-31,22:00:00,2020-09-30,22:00:00,Monday,5733,1417,7150,-830,0,False
71608V603756,Bygdøy alle,KV10967 S1D1 m1314,2020-08-31 22:00:00,2020-09-30 22:00:00,2020,8,7161,7161,7161,100.0,30,30,0,348,95.1,Totalt i retning Skøyen,6205,608,174,103,26,305,300,5,22,2020-08-31,22:00:00,2020-09-30,22:00:00,Monday,6205,1521,7726,-565,0,False
71608V603756,Bygdøy alle,KV10967 S1D1 m1314,2020-08-31 22:00:00,2020-09-30 22:00:00,2020,8,13481,13481,13481,100.0,30,30,0,365,97.3,Totalt,11938,1177,369,193,31,584,578,6,22,2020-08-31,22:00:00,2020-09-30,22:00:00,Monday,11938,2938,14876,-1395,0,True
71608V603756,Bygdøy alle,KV10967 S1D1 m1314,2020-09-30 22:00:00,2020-10-31 23:00:00,2020,9,6119,6119,6119,100.0,31,31,0,336,94.5,1,5347,436,148,93,26,169,164,5,22,2020-09-30,22:00:00,2020-10-31,23:00:00,Wednesday,5347,1041,6388,-269,0,False
71608V603756,Bygdøy alle,KV10967 S1D1 m1314,2020-09-30 22:00:00,2020-10-31 23:00:00,2020,9,6430,6430,6430,100.0,31,31,0,33,99.5,2,5671,726,206,88,7,425,424,1,22,2020-09-30,22:00:00,2020-10-31,23:00:00,Wednesday,5671,1877,7548,-1118,0,False
71608V603756,Bygdøy alle,KV10967 S1D1 m1314,2020-09-30 22:00:00,2020-10-31 23:00:00,2020,9,1494,1494,1494,100.0,31,31,0,11,99.3,3,1142,341,37,14,4,286,285,1,22,2020-09-30,22:00:00,2020-10-31,23:00:00,Wednesday,1142,968,2110,-616,0,True
71608V603756,Bygdøy alle,KV10967 S1D1 m1314,2020-09-30 22:00:00,2020-10-31 23:00:00,2020,9,6446,6446,6446,100.0,31,31,0,36,99.4,Totalt i retning Solli Plass,5677,734,208,91,8,427,426,1,22,2020-09-30,22:00:00,2020-10-31,23:00:00,Wednesday,5677,1895,7572,-1126,0,False
71608V603756,Bygdøy alle,KV10967 S1D1 m1314,2020-09-30 22:00:00,2020-10-31 23:00:00,2020,9,7598,7598,7598,100.0,31,31,0,345,95.5,Totalt i retning Skøyen,6483,770,183,104,30,454,448,6,22,2020-09-30,22:00:00,2020-10-31,23:00:00,Wednesday,6483,1995,8478,-880,0,False
71608V603756,Bygdøy alle,KV10967 S1D1 m1314,2020-09-30 22:00:00,2020-10-31 23:00:00,2020,9,14043,14043,14043,100.0,31,31,0,380,97.3,Totalt,12160,1504,391,195,37,880,873,7,22,2020-09-30,22:00:00,2020-10-31,23:00:00,Wednesday,12160,3887,16047,-2004,0,True
71608V603756,Bygdøy alle,KV10967 S1D1 m1314,2020-10-31 23:00:00,2020-11-30 23:00:00,2020,10,5485,5485,5485,100.0,30,30,0,272,95.0,1,4798,415,146,95,25,150,146,4,23,2020-10-31,23:00:00,2020-11-30,23:00:00,Saturday,4798,981,5779,-294,0,False
71608V603756,Bygdøy alle,KV10967 S1D1 m1314,2020-10-31 23:00:00,2020-11-30 23:00:00,2020,10,5758,5758,5758,100.0,30,30,0,25,99.6,2,5009,724,201,86,8,429,428,1,23,2020-10-31,23:00:00,2020-11-30,23:00:00,Saturday,5009,1877,6886,-1128,0,False
71608V603756,Bygdøy alle,KV10967 S1D1 m1314,2020-10-31 23:00:00,2020-11-30 23:00:00,2020,10,1266,1266,1266,100.0,30,30,0,8,99.4,3,905,353,34,15,4,300,299,1,23,2020-10-31,23:00:00,2020-11-30,23:00:00,Saturday,905,1006,1911,-645,0,True
71608V603756,Bygdøy alle,KV10967 S1D1 m1314,2020-10-31 23:00:00,2020-11-30 23:00:00,2020,10,5774,5774,5774,100.0,30,30,0,28,99.5,Totalt i retning Solli Plass,5015,731,202,89,9,431,430,1,23,2020-10-31,23:00:00,2020-11-30,23:00:00,Saturday,5015,1893,6908,-1134,0,False
71608V603756,Bygdøy alle,KV10967 S1D1 m1314,2020-10-31 23:00:00,2020-11-30 23:00:00,2020,10,6735,6735,6735,100.0,30,30,0,277,95.9,Totalt i retning Skøyen,5697,761,179,106,27,449,444,5,23,2020-10-31,23:00:00,2020-11-30,23:00:00,Saturday,5697,1971,7668,-933,0,False
71608V603756,Bygdøy alle,KV10967 S1D1 m1314,2020-10-31 23:00:00,2020-11-30 23:00:00,2020,10,12509,12509,12509,100.0,30,30,0,305,97.6,Totalt,10712,1492,381,196,37,879,873,6,23,2020-10-31,23:00:00,2020-11-30,23:00:00,Saturday,10712,3864,14576,-2067,0,True
71608V603756,Bygdøy alle,KV10967 S1D1 m1314,2020-11-30 23:00:00,2020-12-31 23:00:00,2020,11,5286,5286,5286,100.0,31,31,0,284,94.6,1,4676,326,124,73,23,107,103,4,23,2020-11-30,23:00:00,2020-12-31,23:00:00,Monday,4676,760,5436,-150,0,False
71608V603756,Bygdøy alle,KV10967 S1D1 m1314,2020-11-30 23:00:00,2020-12-31 23:00:00,2020,11,5511,5511,5511,100.0,31,31,0,46,99.2,2,4812,653,161,68,8,416,414,2,23,2020-11-30,23:00:00,2020-12-31,23:00:00,Monday,4812,1722,6534,-1023,0,False
71608V603756,Bygdøy alle,KV10967 S1D1 m1314,2020-11-30 23:00:00,2020-12-31 23:00:00,2020,11,1148,1148,1148,100.0,31,31,0,9,99.2,3,787,352,31,12,2,307,306,1,23,2020-11-30,23:00:00,2020-12-31,23:00:00,Monday,787,1011,1798,-650,0,True
71608V603756,Bygdøy alle,KV10967 S1D1 m1314,2020-11-30 23:00:00,2020-12-31 23:00:00,2020,11,5521,5521,5521,100.0,31,31,0,47,99.1,Totalt i retning Solli Plass,4816,657,162,70,8,417,415,2,23,2020-11-30,23:00:00,2020-12-31,23:00:00,Monday,4816,1731,6547,-1026,0,False
71608V603756,Bygdøy alle,KV10967 S1D1 m1314,2020-11-30 23:00:00,2020-12-31 23:00:00,2020,11,6424,6424,6424,100.0,31,31,0,291,95.5,Totalt i retning Skøyen,5459,674,154,83,25,412,407,5,23,2020-11-30,23:00:00,2020-12-31,23:00:00,Monday,5459,1760,7219,-795,0,False
71608V603756,Bygdøy alle,KV10967 S1D1 m1314,2020-11-30 23:00:00,2020-12-31 23:00:00,2020,11,11945,11945,11945,100.0,31,31,0,338,97.2,Totalt,10275,1332,316,154,33,830,823,7,23,2020-11-30,23:00:00,2020-12-31,23:00:00,Monday,10275,3495,13770,-1825,0,True
71608V603756,Bygdøy alle,KV10967 S1D1 m1314,2020-12-31 23:00:00,2021-01-31 23:00:00,2020,12,4885,4885,4885,100.0,31,31,0,232,95.3,1,4335,318,113,72,22,111,108,3,23,2020-12-31,23:00:00,2021-01-31,23:00:00,Thursday,4335,747,5082,-197,0,False
71608V603756,Bygdøy alle,KV10967 S1D1 m1314,2020-12-31 23:00:00,2021-01-31 23:00:00,2020,12,5056,5056,5056,100.0,31,31,0,26,99.5,2,4394,636,149,58,7,422,421,1,23,2020-12-31,23:00:00,2021-01-31,23:00:00,Thursday,4394,1694,6088,-1032,0,False
71608V603756,Bygdøy alle,KV10967 S1D1 m1314,2020-12-31 23:00:00,2021-01-31 23:00:00,2020,12,998,998,998,100.0,31,31,0,5,99.5,3,649,344,26,8,2,308,307,1,23,2020-12-31,23:00:00,2021-01-31,23:00:00,Thursday,649,996,1645,-647,0,True
71608V603756,Bygdøy alle,KV10967 S1D1 m1314,2020-12-31 23:00:00,2021-01-31 23:00:00,2020,12,5067,5067,5067,100.0,31,31,0,28,99.4,Totalt i retning Solli Plass,4398,641,150,61,8,423,422,1,23,2020-12-31,23:00:00,2021-01-31,23:00:00,Thursday,4398,1706,6104,-1037,0,False
71608V603756,Bygdøy alle,KV10967 S1D1 m1314,2020-12-31 23:00:00,2021-01-31 23:00:00,2020,12,5872,5872,5872,100.0,31,31,0,235,96.0,Totalt i retning Skøyen,4979,657,139,77,23,418,414,4,23,2020-12-31,23:00:00,2021-01-31,23:00:00,Thursday,4979,1732,6711,-839,0,False
71608V603756,Bygdøy alle,KV10967 S1D1 m1314,2020-12-31 23:00:00,2021-01-31 23:00:00,2020,12,10939,10939,10939,100.0,31,31,0,263,97.6,Totalt,9378,1298,288,138,31,842,837,5,23,2020-12-31,23:00:00,2021-01-31,23:00:00,Thursday,9378,3439,12817,-1878,0,True
71608V603756,Bygdøy alle,KV10967 S1D1 m1314,2021-01-31 23:00:00,2021-02-28 23:00:00,2021,1,5423,5423,5423,100.0,28,28,0,301,94.4,1,4773,350,133,78,30,109,105,4,23,2021-01-31,23:00:00,2021-02-28,23:00:00,Sunday,4773,809,5582,-159,0,False
71608V603756,Bygdøy alle,KV10967 S1D1 m1314,2021-01-31 23:00:00,2021-02-28 23:00:00,2021,1,5556,5556,5556,100.0,28,28,0,33,99.4,2,4835,688,180,67,11,429,428,1,23,2021-01-31,23:00:00,2021-02-28,23:00:00,Sunday,4835,1804,6639,-1083,0,False
71608V603756,Bygdøy alle,KV10967 S1D1 m1314,2021-01-31 23:00:00,2021-02-28 23:00:00,2021,1,1146,1146,1146,100.0,28,28,0,8,99.3,3,772,365,33,11,2,319,318,1,23,2021-01-31,23:00:00,2021-02-28,23:00:00,Sunday,772,1049,1821,-675,0,True
71608V603756,Bygdøy alle,KV10967 S1D1 m1314,2021-01-31 23:00:00,2021-02-28 23:00:00,2021,1,5566,5566,5566,100.0,28,28,0,35,99.4,Totalt i retning Solli Plass,4839,692,181,69,12,430,429,1,23,2021-01-31,23:00:00,2021-02-28,23:00:00,Sunday,4839,1814,6653,-1087,0,False
71608V603756,Bygdøy alle,KV10967 S1D1 m1314,2021-01-31 23:00:00,2021-02-28 23:00:00,2021,1,6559,6559,6559,100.0,28,28,0,307,95.3,Totalt i retning Skøyen,5542,710,165,86,31,428,423,5,23,2021-01-31,23:00:00,2021-02-28,23:00:00,Sunday,5542,1848,7390,-831,0,False
71608V603756,Bygdøy alle,KV10967 S1D1 m1314,2021-01-31 23:00:00,2021-02-28 23:00:00,2021,1,12125,12125,12125,100.0,28,28,0,342,97.2,Totalt,10381,1403,346,156,43,858,852,6,23,2021-01-31,23:00:00,2021-02-28,23:00:00,Sunday,10381,3664,14045,-1920,0,True
71608V603756,Bygdøy alle,KV10967 S1D1 m1314,2021-02-28 23:00:00,2021-03-31 22:00:00,2021,2,5391,5391,5391,100.0,31,31,0,318,94.1,1,4708,365,134,88,29,114,110,4,23,2021-02-28,23:00:00,2021-03-31,22:00:00,Sunday,4708,844,5552,-161,0,False
71608V603756,Bygdøy alle,KV10967 S1D1 m1314,2021-02-28 23:00:00,2021-03-31 22:00:00,2021,2,5575,5575,5575,100.0,31,31,0,35,99.4,2,4844,696,178,74,11,433,431,2,23,2021-02-28,23:00:00,2021-03-31,22:00:00,Sunday,4844,1825,6669,-1094,0,False
71608V603756,Bygdøy alle,KV10967 S1D1 m1314,2021-02-28 23:00:00,2021-03-31 22:00:00,2021,2,1120,1120,1120,100.0,31,31,0,9,99.2,3,750,361,32,12,2,315,314,1,23,2021-02-28,23:00:00,2021-03-31,22:00:00,Sunday,750,1037,1787,-667,0,True
71608V603756,Bygdøy alle,KV10967 S1D1 m1314,2021-02-28 23:00:00,2021-03-31 22:00:00,2021,2,5587,5587,5587,100.0,31,31,0,37,99.3,Totalt i retning Solli Plass,4849,701,178,77,12,434,432,2,23,2021-02-28,23:00:00,2021-03-31,22:00:00,Sunday,4849,1836,6685,-1098,0,False
71608V603756,Bygdøy alle,KV10967 S1D1 m1314,2021-02-28 23:00:00,2021-03-31 22:00:00,2021,2,6498,6498,6498,100.0,31,31,0,324,95.0,Totalt i retning Skøyen,5453,720,165,97,30,428,423,5,23,2021-02-28,23:00:00,2021-03-31,22:00:00,Sunday,5453,1868,7321,-823,0,False
71608V603756,Bygdøy alle,KV10967 S1D1 m1314,2021-02-28 23:00:00,2021-03-31 22:00:00,2021,2,12085,12085,12085,100.0,31,31,0,361,97.0,Totalt,10302,1422,344,174,42,862,855,7,23,2021-02-28,23:00:00,2021-03-31,22:00:00,Sunday,10302,3706,14008,-1923,0,True
71608V603756,Bygdøy alle,KV10967 S1D1 m1314,2021-03-31 22:00:00,2021-04-30 22:00:00,2021,3,5386,5386,5386,100.0,30,30,0,338,93.7,1,4714,333,120,86,24,103,99,4,22,2021-03-31,22:00:00,2021-04-30,22:00:00,Wednesday,4714,769,5483,-97,0,False
71608V603756,Bygdøy alle,KV10967 S1D1 m1314,2021-03-31 22:00:00,2021-04-30 22:00:00,2021,3,5649,5649,5649,100.0,30,30,0,35,99.4,2,4954,660,159,75,8,419,417,2,22,2021-03-31,22:00:00,2021-04-30,22:00:00,Wednesday,4954,1740,6694,-1045,0,False
71608V603756,Bygdøy alle,KV10967 S1D1 m1314,2021-03-31 22:00:00,2021-04-30 22:00:00,2021,3,1221,1221,1221,100.0,30,30,0,13,98.9,3,851,357,33,12,3,311,309,2,22,2021-03-31,22:00:00,2021-04-30,22:00:00,Wednesday,851,1027,1878,-657,0,True
71608V603756,Bygdøy alle,KV10967 S1D1 m1314,2021-03-31 22:00:00,2021-04-30 22:00:00,2021,3,5660,5660,5660,100.0,30,30,0,37,99.3,Totalt i retning Solli Plass,4959,665,159,77,9,420,418,2,22,2021-03-31,22:00:00,2021-04-30,22:00:00,Wednesday,4959,1750,6709,-1049,0,False
71608V603756,Bygdøy alle,KV10967 S1D1 m1314,2021-03-31 22:00:00,2021-04-30 22:00:00,2021,3,6595,6595,6595,100.0,30,30,0,348,94.7,Totalt i retning Skøyen,5560,686,152,95,26,413,407,6,22,2021-03-31,22:00:00,2021-04-30,22:00:00,Wednesday,5560,1785,7345,-750,0,False
71608V603756,Bygdøy alle,KV10967 S1D1 m1314,2021-03-31 22:00:00,2021-04-30 22:00:00,2021,3,12255,12255,12255,100.0,30,30,0,385,96.9,Totalt,10519,1351,312,172,35,831,824,7,22,2021-03-31,22:00:00,2021-04-30,22:00:00,Wednesday,10519,3532,14051,-1796,0,True
71608V603756,Bygdøy alle,KV10967 S1D1 m1314,2021-04-30 22:00:00,2021-05-31 22:00:00,2021,4,5809,5809,5809,100.0,31,31,0,375,93.5,1,5062,372,147,95,22,107,103,4,22,2021-04-30,22:00:00,2021-05-31,22:00:00,Friday,5062,850,5912,-103,0,False
71608V603756,Bygdøy alle,KV10967 S1D1 m1314,2021-04-30 22:00:00,2021-05-31 22:00:00,2021,4,6048,6048,6048,100.0,31,31,0,44,99.3,2,5335,669,163,75,9,422,420,2,22,2021-04-30,22:00:00,2021-05-31,22:00:00,Friday,5335,1760,7095,-1047,0,False
71608V603756,Bygdøy alle,KV10967 S1D1 m1314,2021-04-30 22:00:00,2021-05-31 22:00:00,2021,4,1338,1338,1338,100.0,31,31,0,16,98.8,3,965,357,34,13,3,307,306,1,22,2021-04-30,22:00:00,2021-05-31,22:00:00,Friday,965,1021,1986,-648,0,True
71608V603756,Bygdøy alle,KV10967 S1D1 m1314,2021-04-30 22:00:00,2021-05-31 22:00:00,2021,4,6057,6057,6057,100.0,31,31,0,46,99.2,Totalt i retning Solli Plass,5338,673,164,76,9,423,421,2,22,2021-04-30,22:00:00,2021-05-31,22:00:00,Friday,5338,1768,7106,-1049,0,False
71608V603756,Bygdøy alle,KV10967 S1D1 m1314,2021-04-30 22:00:00,2021-05-31 22:00:00,2021,4,7137,7137,7137,100.0,31,31,0,388,94.6,Totalt i retning Skøyen,6024,725,180,107,25,413,408,5,22,2021-04-30,22:00:00,2021-05-31,22:00:00,Friday,6024,1863,7887,-750,0,False
71608V603756,Bygdøy alle,KV10967 S1D1 m1314,2021-04-30 22:00:00,2021-05-31 22:00:00,2021,4,13195,13195,13195,100.0,31,31,0,435,96.7,Totalt,11362,1398,345,183,34,836,829,7,22,2021-04-30,22:00:00,2021-05-31,22:00:00,Friday,11362,3632,14994,-1799,0,True
71608V603756,Bygdøy alle,KV10967 S1D1 m1314,2021-05-31 22:00:00,2021-06-30 22:00:00,2021,5,6335,6335,6335,100.0,30,30,0,459,92.8,1,5427,449,197,114,31,108,103,5,22,2021-05-31,22:00:00,2021-06-30,22:00:00,Monday,5427,1007,6434,-99,0,False
71608V603756,Bygdøy alle,KV10967 S1D1 m1314,2021-05-31 22:00:00,2021-06-30 22:00:00,2021,5,6599,6599,6599,100.0,30,30,0,62,99.1,2,5791,746,196,92,12,446,444,2,22,2021-05-31,22:00:00,2021-06-30,22:00:00,Monday,5791,1938,7729,-1130,0,False
71608V603756,Bygdøy alle,KV10967 S1D1 m1314,2021-05-31 22:00:00,2021-06-30 22:00:00,2021,5,1540,1540,1540,100.0,30,30,0,23,98.5,3,1132,385,38,16,3,328,326,2,22,2021-05-31,22:00:00,2021-06-30,22:00:00,Monday,1132,1098,2230,-690,0,True
71608V603756,Bygdøy alle,KV10967 S1D1 m1314,2021-05-31 22:00:00,2021-06-30 22:00:00,2021,5,6607,6607,6607,100.0,30,30,0,63,99.0,Totalt i retning Solli Plass,5795,749,198,93,12,447,445,2,22,2021-05-31,22:00:00,2021-06-30,22:00:00,Monday,5795,1946,7741,-1134,0,False
71608V603756,Bygdøy alle,KV10967 S1D1 m1314,2021-05-31 22:00:00,2021-06-30 22:00:00,2021,5,7866,7866,7866,100.0,30,30,0,480,93.9,Totalt i retning Skøyen,6555,831,233,129,33,436,429,7,22,2021-05-31,22:00:00,2021-06-30,22:00:00,Monday,6555,2098,8653,-787,0,False
71608V603756,Bygdøy alle,KV10967 S1D1 m1314,2021-05-31 22:00:00,2021-06-30 22:00:00,2021,5,14474,14474,14474,100.0,30,30,0,544,96.2,Totalt,12350,1580,430,222,45,882,873,9,22,2021-05-31,22:00:00,2021-06-30,22:00:00,Monday,12350,4041,16391,-1917,0,True
71608V603756,Bygdøy alle,KV10967 S1D1 m1314,2021-06-30 22:00:00,2021-07-31 22:00:00,2021,6,5240,5240,5240,100.0,31,31,0,253,95.2,1,4570,417,173,98,26,120,115,5,22,2021-06-30,22:00:00,2021-07-31,22:00:00,Wednesday,4570,954,5524,-284,0,False
71608V603756,Bygdøy alle,KV10967 S1D1 m1314,2021-06-30 22:00:00,2021-07-31 22:00:00,2021,6,5204,5204,5204,100.0,31,31,0,19,99.6,2,4540,645,151,70,5,420,419,1,22,2021-06-30,22:00:00,2021-07-31,22:00:00,Wednesday,4540,1711,6251,-1047,0,False
71608V603756,Bygdøy alle,KV10967 S1D1 m1314,2021-06-30 22:00:00,2021-07-31 22:00:00,2021,6,1029,1029,1029,100.0,31,31,0,6,99.4,3,687,337,25,9,1,302,301,1,22,2021-06-30,22:00:00,2021-07-31,22:00:00,Wednesday,687,976,1663,-634,0,True
71608V603756,Bygdøy alle,KV10967 S1D1 m1314,2021-06-30 22:00:00,2021-07-31 22:00:00,2021,6,5211,5211,5211,100.0,31,31,0,20,99.6,Totalt i retning Solli Plass,4543,648,152,71,5,420,419,1,22,2021-06-30,22:00:00,2021-07-31,22:00:00,Wednesday,4543,1716,6259,-1048,0,False
71608V603756,Bygdøy alle,KV10967 S1D1 m1314,2021-06-30 22:00:00,2021-07-31 22:00:00,2021,6,6263,6263,6263,100.0,31,31,0,259,95.9,Totalt i retning Skøyen,5253,751,197,107,27,420,415,5,22,2021-06-30,22:00:00,2021-07-31,22:00:00,Wednesday,5253,1922,7175,-912,0,False
71608V603756,Bygdøy alle,KV10967 S1D1 m1314,2021-06-30 22:00:00,2021-07-31 22:00:00,2021,6,11474,11474,11474,100.0,31,31,0,279,97.6,Totalt,9797,1399,349,177,32,840,834,6,22,2021-06-30,22:00:00,2021-07-31,22:00:00,Wednesday,9797,3637,13434,-1960,0,True
71608V603756,Bygdøy alle,KV10967 S1D1 m1314,2021-07-31 22:00:00,2021-08-31 22:00:00,2021,7,6134,6134,6134,100.0,31,31,0,413,93.3,1,5277,445,196,110,32,107,103,4,22,2021-07-31,22:00:00,2021-08-31,22:00:00,Saturday,5277,997,6274,-140,0,False
71608V603756,Bygdøy alle,KV10967 S1D1 m1314,2021-07-31 22:00:00,2021-08-31 22:00:00,2021,7,6343,6343,6343,100.0,31,31,0,54,99.1,2,5578,711,190,87,12,422,420,2,22,2021-07-31,22:00:00,2021-08-31,22:00:00,Saturday,5578,1844,7422,-1079,0,False
71608V603756,Bygdøy alle,KV10967 S1D1 m1314,2021-07-31 22:00:00,2021-08-31 22:00:00,2021,7,1413,1413,1413,100.0,31,31,0,20,98.6,3,1029,364,33,15,3,313,311,2,22,2021-07-31,22:00:00,2021-08-31,22:00:00,Saturday,1029,1041,2070,-657,0,True
71608V603756,Bygdøy alle,KV10967 S1D1 m1314,2021-07-31 22:00:00,2021-08-31 22:00:00,2021,7,6351,6351,6351,100.0,31,31,0,55,99.1,Totalt i retning Solli Plass,5582,714,191,89,12,422,420,2,22,2021-07-31,22:00:00,2021-08-31,22:00:00,Saturday,5582,1850,7432,-1081,0,False
71608V603756,Bygdøy alle,KV10967 S1D1 m1314,2021-07-31 22:00:00,2021-08-31 22:00:00,2021,7,7539,7539,7539,100.0,31,31,0,431,94.3,Totalt i retning Skøyen,6302,806,228,123,35,419,413,6,22,2021-07-31,22:00:00,2021-08-31,22:00:00,Saturday,6302,2030,8332,-793,0,False
71608V603756,Bygdøy alle,KV10967 S1D1 m1314,2021-07-31 22:00:00,2021-08-31 22:00:00,2021,7,13890,13890,13890,100.0,31,31,0,486,96.5,Totalt,11884,1519,419,212,47,843,834,9,22,2021-07-31,22:00:00,2021-08-31,22:00:00,Saturday,11884,3883,15767,-1877,0,True
71608V603756,Bygdøy alle,KV10967 S1D1 m1314,2021-08-31 22:00:00,2021-09-30 22:00:00,2021,8,6273,6273,6273,100.0,30,30,0,406,93.5,1,5411,455,207,113,35,100,95,5,22,2021-08-31,22:00:00,2021-09-30,22:00:00,Tuesday,5411,1010,6421,-148,0,False
71608V603756,Bygdøy alle,KV10967 S1D1 m1314,2021-08-31 22:00:00,2021-09-30 22:00:00,2021,8,6503,6503,6503,100.0,30,30,0,61,99.1,2,5702,740,201,91,15,433,431,2,22,2021-08-31,22:00:00,2021-09-30,22:00:00,Tuesday,5702,1913,7615,-1112,0,False
71608V603756,Bygdøy alle,KV10967 S1D1 m1314,2021-08-31 22:00:00,2021-09-30 22:00:00,2021,8,1537,1537,1537,100.0,30,30,0,28,98.2,3,1120,389,40,16,4,330,328,2,22,2021-08-31,22:00:00,2021-09-30,22:00:00,Tuesday,1120,1109,2229,-692,0,True
71608V603756,Bygdøy alle,KV10967 S1D1 m1314,2021-08-31 22:00:00,2021-09-30 22:00:00,2021,8,6510,6510,6510,100.0,30,30,0,62,99.0,Totalt i retning Solli Plass,5705,742,202,91,16,433,431,2,22,2021-08-31,22:00:00,2021-09-30,22:00:00,Tuesday,5705,1917,7622,-1112,0,False
71608V603756,Bygdøy alle,KV10967 S1D1 m1314,2021-08-31 22:00:00,2021-09-30 22:00:00,2021,8,7803,7803,7803,100.0,30,30,0,433,94.5,Totalt i retning Skøyen,6528,842,246,128,39,429,423,6,22,2021-08-31,22:00:00,2021-09-30,22:00:00,Tuesday,6528,2113,8641,-838,0,False
71608V603756,Bygdøy alle,KV10967 S1D1 m1314,2021-08-31 22:00:00,2021-09-30 22:00:00,2021,8,14313,14313,14313,100.0,30,30,0,495,96.5,Totalt,12233,1584,448,220,55,862,854,8,22,2021-08-31,22:00:00,2021-09-30,22:00:00,Tuesday,12233,4031,16264,-1951,0,True
71608V603756,Bygdøy alle,KV10967 S1D1 m1314,2021-09-30 22:00:00,2021-10-31 23:00:00,2021,9,6240,6240,6240,100.0,31,31,0,357,94.3,1,5414,470,216,115,31,108,103,5,22,2021-09-30,22:00:00,2021-10-31,23:00:00,Thursday,5414,1048,6462,-222,0,False
71608V603756,Bygdøy alle,KV10967 S1D1 m1314,2021-09-30 22:00:00,2021-10-31 23:00:00,2021,9,6399,6399,6399,100.0,31,31,0,54,99.2,2,5620,725,201,85,13,425,423,2,22,2021-09-30,22:00:00,2021-10-31,23:00:00,Thursday,5620,1874,7494,-1095,0,False
71608V603756,Bygdøy alle,KV10967 S1D1 m1314,2021-09-30 22:00:00,2021-10-31 23:00:00,2021,9,1275,1275,1275,100.0,31,31,0,17,98.7,3,888,370,35,13,3,319,318,1,22,2021-09-30,22:00:00,2021-10-31,23:00:00,Thursday,888,1059,1947,-672,0,True
71608V603756,Bygdøy alle,KV10967 S1D1 m1314,2021-09-30 22:00:00,2021-10-31 23:00:00,2021,9,6407,6407,6407,100.0,31,31,0,55,99.1,Totalt i retning Solli Plass,5624,728,202,86,13,425,423,2,22,2021-09-30,22:00:00,2021-10-31,23:00:00,Thursday,5624,1879,7503,-1096,0,False
71608V603756,Bygdøy alle,KV10967 S1D1 m1314,2021-09-30 22:00:00,2021-10-31 23:00:00,2021,9,7507,7507,7507,100.0,31,31,0,372,95.0,Totalt i retning Skøyen,6298,837,250,127,34,426,420,6,22,2021-09-30,22:00:00,2021-10-31,23:00:00,Thursday,6298,2100,8398,-891,0,False
71608V603756,Bygdøy alle,KV10967 S1D1 m1314,2021-09-30 22:00:00,2021-10-31 23:00:00,2021,9,13914,13914,13914,100.0,31,31,0,427,96.9,Totalt,11922,1565,453,213,47,851,843,8,22,2021-09-30,22:00:00,2021-10-31,23:00:00,Thursday,11922,3980,15902,-1988,0,True
71608V603756,Bygdøy alle,KV10967 S1D1 m1314,2021-10-31 23:00:00,2021-11-30 23:00:00,2021,10,6423,6423,6423,100.0,30,30,0,383,94.0,1,5564,476,227,115,31,103,98,5,23,2021-10-31,23:00:00,2021-11-30,23:00:00,Sunday,5564,1055,6619,-196,0,False
71608V603756,Bygdøy alle,KV10967 S1D1 m1314,2021-10-31 23:00:00,2021-11-30 23:00:00,2021,10,6556,6556,6556,100.0,30,30,0,68,99.0,2,5744,744,209,89,13,433,430,3,23,2021-10-31,23:00:00,2021-11-30,23:00:00,Sunday,5744,1921,7665,-1109,0,False
71608V603756,Bygdøy alle,KV10967 S1D1 m1314,2021-10-31 23:00:00,2021-11-30 23:00:00,2021,10,1352,1352,1352,100.0,30,30,0,20,98.5,3,948,384,38,15,3,328,326,2,23,2021-10-31,23:00:00,2021-11-30,23:00:00,Sunday,948,1096,2044,-692,0,True
71608V603756,Bygdøy alle,KV10967 S1D1 m1314,2021-10-31 23:00:00,2021-11-30 23:00:00,2021,10,6565,6565,6565,100.0,30,30,0,70,98.9,Totalt i retning Solli Plass,5748,748,211,90,13,434,431,3,23,2021-10-31,23:00:00,2021-11-30,23:00:00,Sunday,5748,1930,7678,-1113,0,False
71608V603756,Bygdøy alle,KV10967 S1D1 m1314,2021-10-31 23:00:00,2021-11-30 23:00:00,2021,10,7766,7766,7766,100.0,30,30,0,401,94.8,Totalt i retning Skøyen,6508,857,264,128,33,431,424,7,23,2021-10-31,23:00:00,2021-11-30,23:00:00,Sunday,6508,2144,8652,-886,0,False
71608V603756,Bygdøy alle,KV10967 S1D1 m1314,2021-10-31 23:00:00,2021-11-30 23:00:00,2021,10,14331,14331,14331,100.0,30,30,0,471,96.7,Totalt,12255,1604,475,218,47,864,855,9,23,2021-10-31,23:00:00,2021-11-30,23:00:00,Sunday,12255,4072,16327,-1996,0,True
71608V603756,Bygdøy alle,KV10967 S1D1 m1314,2021-11-30 23:00:00,2021-12-31 23:00:00,2021,11,5663,5663,5663,100.0,31,31,0,323,94.3,1,4939,401,189,89,23,101,97,4,23,2021-11-30,23:00:00,2021-12-31,23:00:00,Tuesday,4939,904,5843,-180,0,False
71608V603756,Bygdøy alle,KV10967 S1D1 m1314,2021-11-30 23:00:00,2021-12-31 23:00:00,2021,11,5838,5838,5838,100.0,31,31,0,52,99.1,2,5120,665,170,70,8,418,416,2,23,2021-11-30,23:00:00,2021-12-31,23:00:00,Tuesday,5120,1749,6869,-1031,0,False
71608V603756,Bygdøy alle,KV10967 S1D1 m1314,2021-11-30 23:00:00,2021-12-31 23:00:00,2021,11,1222,1222,1222,100.0,31,31,0,16,98.7,3,845,361,32,11,2,315,313,2,23,2021-11-30,23:00:00,2021-12-31,23:00:00,Tuesday,845,1036,1881,-659,0,True
71608V603756,Bygdøy alle,KV10967 S1D1 m1314,2021-11-30 23:00:00,2021-12-31 23:00:00,2021,11,5847,5847,5847,100.0,31,31,0,54,99.1,Totalt i retning Solli Plass,5125,668,171,71,8,418,416,2,23,2021-11-30,23:00:00,2021-12-31,23:00:00,Tuesday,5125,1754,6879,-1032,0,False
71608V603756,Bygdøy alle,KV10967 S1D1 m1314,2021-11-30 23:00:00,2021-12-31 23:00:00,2021,11,6876,6876,6876,100.0,31,31,0,338,95.1,Totalt i retning Skøyen,5779,759,220,99,25,414,409,5,23,2021-11-30,23:00:00,2021-12-31,23:00:00,Tuesday,5779,1931,7710,-834,0,False
71608V603756,Bygdøy alle,KV10967 S1D1 m1314,2021-11-30 23:00:00,2021-12-31 23:00:00,2021,11,12724,12724,12724,100.0,31,31,0,392,96.9,Totalt,10904,1427,391,170,33,834,826,8,23,2021-11-30,23:00:00,2021-12-31,23:00:00,Tuesday,10904,3689,14593,-1869,0,True
71608V603756,Bygdøy alle,KV10967 S1D1 m1314,2021-12-31 23:00:00,2022-01-31 23:00:00,2021,12,5392,5189,5595,71.0,31,22,9,264,95.1,1,4728,400,190,80,21,109,105,4,23,2021-12-31,23:00:00,2022-01-31,23:00:00,Friday,4728,909,5637,-245,0,False
71608V603756,Bygdøy alle,KV10967 S1D1 m1314,2021-12-31 23:00:00,2022-01-31 23:00:00,2021,12,5524,5334,5714,71.0,31,22,9,36,99.3,2,4846,642,159,61,6,416,415,1,23,2021-12-31,23:00:00,2022-01-31,23:00:00,Friday,4846,1700,6546,-1022,0,False
71608V603756,Bygdøy alle,KV10967 S1D1 m1314,2021-12-31 23:00:00,2022-01-31 23:00:00,2021,12,1066,1010,1122,71.0,31,22,9,10,99.1,3,707,350,27,10,2,310,309,1,23,2021-12-31,23:00:00,2022-01-31,23:00:00,Friday,707,1009,1716,-650,0,True
71608V603756,Bygdøy alle,KV10967 S1D1 m1314,2021-12-31 23:00:00,2022-01-31 23:00:00,2021,12,5545,5353,5737,71.0,31,22,9,36,99.4,Totalt i retning Solli Plass,4861,647,160,63,7,418,416,2,23,2021-12-31,23:00:00,2022-01-31,23:00:00,Friday,4861,1713,6574,-1029,0,False
71608V603756,Bygdøy alle,KV10967 S1D1 m1314,2021-12-31 23:00:00,2022-01-31 23:00:00,2021,12,6436,6189,6683,71.0,31,22,9,272,95.8,Totalt i retning Skøyen,5420,744,216,89,23,417,412,5,23,2021-12-31,23:00:00,2022-01-31,23:00:00,Friday,5420,1906,7326,-890,0,False
71608V603756,Bygdøy alle,KV10967 S1D1 m1314,2021-12-31 23:00:00,2022-01-31 23:00:00,2021,12,11982,11545,12419,71.0,31,22,9,309,97.4,Totalt,10281,1392,376,152,30,835,829,6,23,2021-12-31,23:00:00,2022-01-31,23:00:00,Friday,10281,3620,13901,-1919,0,True
71608V603756,Bygdøy alle,KV10967 S1D1 m1314,2022-01-31 23:00:00,2022-02-28 23:00:00,2022,1,5828,5828,5828,100.0,28,28,0,337,94.2,1,5047,444,217,97,25,105,101,4,23,2022-01-31,23:00:00,2022-02-28,23:00:00,Monday,5047,993,6040,-212,0,False
71608V603756,Bygdøy alle,KV10967 S1D1 m1314,2022-01-31 23:00:00,2022-02-28 23:00:00,2022,1,5972,5972,5972,100.0,28,28,0,49,99.2,2,5212,711,196,77,8,430,428,2,23,2022-01-31,23:00:00,2022-02-28,23:00:00,Monday,5212,1852,7064,-1092,0,False
71608V603756,Bygdøy alle,KV10967 S1D1 m1314,2022-01-31 23:00:00,2022-02-28 23:00:00,2022,1,1190,1190,1190,100.0,28,28,0,14,98.8,3,802,374,34,12,3,325,324,1,23,2022-01-31,23:00:00,2022-02-28,23:00:00,Monday,802,1073,1875,-685,0,True
71608V603756,Bygdøy alle,KV10967 S1D1 m1314,2022-01-31 23:00:00,2022-02-28 23:00:00,2022,1,5980,5980,5980,100.0,28,28,0,50,99.2,Totalt i retning Solli Plass,5216,714,197,78,8,430,428,2,23,2022-01-31,23:00:00,2022-02-28,23:00:00,Monday,5216,1857,7073,-1093,0,False
71608V603756,Bygdøy alle,KV10967 S1D1 m1314,2022-01-31 23:00:00,2022-02-28 23:00:00,2022,1,7009,7009,7009,100.0,28,28,0,349,95.0,Totalt i retning Skøyen,5846,814,250,107,28,429,424,5,23,2022-01-31,23:00:00,2022-02-28,23:00:00,Monday,5846,2057,7903,-894,0,False
71608V603756,Bygdøy alle,KV10967 S1D1 m1314,2022-01-31 23:00:00,2022-02-28 23:00:00,2022,1,12990,12990,12990,100.0,28,28,0,400,96.9,Totalt,11062,1528,447,185,36,860,853,7,23,2022-01-31,23:00:00,2022-02-28,23:00:00,Monday,11062,3916,14978,-1988,0,True
71608V603756,Bygdøy alle,KV10967 S1D1 m1314,2022-02-28 23:00:00,2022-03-31 22:00:00,2022,2,6227,6227,6227,100.0,31,31,0,412,93.4,1,5360,455,217,104,33,101,96,5,23,2022-02-28,23:00:00,2022-03-31,22:00:00,Monday,5360,1011,6371,-144,0,False
71608V603756,Bygdøy alle,KV10967 S1D1 m1314,2022-02-28 23:00:00,2022-03-31 22:00:00,2022,2,6406,6406,6406,100.0,31,31,0,57,99.1,2,5617,733,202,83,12,435,432,3,23,2022-02-28,23:00:00,2022-03-31,22:00:00,Monday,5617,1900,7517,-1111,0,False
71608V603756,Bygdøy alle,KV10967 S1D1 m1314,2022-02-28 23:00:00,2022-03-31 22:00:00,2022,2,1376,1376,1376,100.0,31,31,0,22,98.4,3,966,387,38,15,3,330,328,2,23,2022-02-28,23:00:00,2022-03-31,22:00:00,Monday,966,1103,2069,-693,0,True
71608V603756,Bygdøy alle,KV10967 S1D1 m1314,2022-02-28 23:00:00,2022-03-31 22:00:00,2022,2,6413,6413,6413,100.0,31,31,0,58,99.1,Totalt i retning Solli Plass,5619,735,203,84,13,436,433,3,23,2022-02-28,23:00:00,2022-03-31,22:00:00,Monday,5619,1907,7526,-1113,0,False
71608V603756,Bygdøy alle,KV10967 S1D1 m1314,2022-02-28 23:00:00,2022-03-31 22:00:00,2022,2,7596,7596,7596,100.0,31,31,0,433,94.3,Totalt i retning Skøyen,6324,839,254,118,36,432,424,8,23,2022-02-28,23:00:00,2022-03-31,22:00:00,Monday,6324,2111,8435,-839,0,False
71608V603756,Bygdøy alle,KV10967 S1D1 m1314,2022-02-28 23:00:00,2022-03-31 22:00:00,2022,2,14009,14009,14009,100.0,31,31,0,491,96.5,Totalt,11943,1575,457,203,48,867,857,10,23,2022-02-28,23:00:00,2022-03-31,22:00:00,Monday,11943,4017,15960,-1951,0,True
71608V603756,Bygdøy alle,KV10967 S1D1 m1314,2022-03-31 22:00:00,2022-04-30 22:00:00,2022,3,5713,5713,5713,100.0,30,30,0,350,93.9,1,4952,411,182,94,34,100,95,5,22,2022-03-31,22:00:00,2022-04-30,22:00:00,Thursday,4952,921,5873,-160,0,False
71608V603756,Bygdøy alle,KV10967 S1D1 m1314,2022-03-31 22:00:00,2022-04-30 22:00:00,2022,3,5864,5864,5864,100.0,30,30,0,47,99.2,2,5156,661,168,74,10,409,407,2,22,2022-03-31,22:00:00,2022-04-30,22:00:00,Thursday,5156,1731,6887,-1023,0,False
71608V603756,Bygdøy alle,KV10967 S1D1 m1314,2022-03-31 22:00:00,2022-04-30 22:00:00,2022,3,1275,1275,1275,100.0,30,30,0,18,98.6,3,906,350,27,11,4,308,307,1,22,2022-03-31,22:00:00,2022-04-30,22:00:00,Thursday,906,1008,1914,-639,0,True
71608V603756,Bygdøy alle,KV10967 S1D1 m1314,2022-03-31 22:00:00,2022-04-30 22:00:00,2022,3,5874,5874,5874,100.0,30,30,0,49,99.2,Totalt i retning Solli Plass,5161,664,170,75,10,410,408,2,22,2022-03-31,22:00:00,2022-04-30,22:00:00,Thursday,5161,1739,6900,-1026,0,False
71608V603756,Bygdøy alle,KV10967 S1D1 m1314,2022-03-31 22:00:00,2022-04-30 22:00:00,2022,3,6978,6978,6978,100.0,30,30,0,367,94.7,Totalt i retning Skøyen,5853,758,208,104,38,408,402,6,22,2022-03-31,22:00:00,2022-04-30,22:00:00,Thursday,5853,1924,7777,-799,0,False
71608V603756,Bygdøy alle,KV10967 S1D1 m1314,2022-03-31 22:00:00,2022-04-30 22:00:00,2022,3,12852,12852,12852,100.0,30,30,0,416,96.8,Totalt,11014,1422,378,179,48,817,809,8,22,2022-03-31,22:00:00,2022-04-30,22:00:00,Thursday,11014,3661,14675,-1823,0,True
71608V603756,Bygdøy alle,KV10967 S1D1 m1314,2022-04-30 22:00:00,2022-05-31 22:00:00,2022,4,6272,6272,6272,100.0,31,31,0,437,93.0,1,5370,465,206,109,49,100,95,5,22,2022-04-30,22:00:00,2022-05-31,22:00:00,Saturday,5370,1029,6399,-127,0,False
71608V603756,Bygdøy alle,KV10967 S1D1 m1314,2022-04-30 22:00:00,2022-05-31 22:00:00,2022,4,6570,6570,6570,100.0,31,31,0,61,99.1,2,5792,717,201,87,15,414,412,2,22,2022-04-30,22:00:00,2022-05-31,22:00:00,Saturday,5792,1848,7640,-1070,0,False
71608V603756,Bygdøy alle,KV10967 S1D1 m1314,2022-04-30 22:00:00,2022-05-31 22:00:00,2022,4,1528,1528,1528,100.0,31,31,0,29,98.1,3,1117,381,38,16,8,319,317,2,22,2022-04-30,22:00:00,2022-05-31,22:00:00,Saturday,1117,1081,2198,-670,0,True
71608V603756,Bygdøy alle,KV10967 S1D1 m1314,2022-04-30 22:00:00,2022-05-31 22:00:00,2022,4,6579,6579,6579,100.0,31,31,0,63,99.0,Totalt i retning Solli Plass,5796,720,202,88,15,415,413,2,22,2022-04-30,22:00:00,2022-05-31,22:00:00,Saturday,5796,1855,7651,-1072,0,False
71608V603756,Bygdøy alle,KV10967 S1D1 m1314,2022-04-30 22:00:00,2022-05-31 22:00:00,2022,4,7791,7791,7791,100.0,31,31,0,464,94.0,Totalt i retning Skøyen,6484,843,243,125,57,419,411,8,22,2022-04-30,22:00:00,2022-05-31,22:00:00,Saturday,6484,2106,8590,-799,0,False
71608V603756,Bygdøy alle,KV10967 S1D1 m1314,2022-04-30 22:00:00,2022-05-31 22:00:00,2022,4,14369,14369,14369,100.0,31,31,0,526,96.3,Totalt,12280,1564,445,213,72,834,824,10,22,2022-04-30,22:00:00,2022-05-31,22:00:00,Saturday,12280,3962,16242,-1873,0,True
71608V603756,Bygdøy alle,KV10967 S1D1 m1314,2022-05-31 22:00:00,2022-06-30 22:00:00,2022,5,6407,6407,6407,100.0,30,30,0,466,92.7,1,5450,490,216,117,57,100,94,6,22,2022-05-31,22:00:00,2022-06-30,22:00:00,Tuesday,5450,1080,6530,-123,0,False
71608V603756,Bygdøy alle,KV10967 S1D1 m1314,2022-05-31 22:00:00,2022-06-30 22:00:00,2022,5,6845,6845,6845,100.0,30,30,0,75,98.9,2,5993,777,221,102,23,431,428,3,22,2022-05-31,22:00:00,2022-06-30,22:00:00,Tuesday,5993,1985,7978,-1133,0,False
71608V603756,Bygdøy alle,KV10967 S1D1 m1314,2022-05-31 22:00:00,2022-06-30 22:00:00,2022,5,1572,1572,1572,100.0,30,30,0,37,97.6,3,1144,390,37,17,10,326,324,2,22,2022-05-31,22:00:00,2022-06-30,22:00:00,Tuesday,1144,1106,2250,-678,0,True
71608V603756,Bygdøy alle,KV10967 S1D1 m1314,2022-05-31 22:00:00,2022-06-30 22:00:00,2022,5,6854,6854,6854,100.0,30,30,0,77,98.9,Totalt i retning Solli Plass,5996,781,222,104,23,432,429,3,22,2022-05-31,22:00:00,2022-06-30,22:00:00,Tuesday,5996,1994,7990,-1136,0,False
71608V603756,Bygdøy alle,KV10967 S1D1 m1314,2022-05-31 22:00:00,2022-06-30 22:00:00,2022,5,7969,7969,7969,100.0,30,30,0,501,93.7,Totalt i retning Skøyen,6592,877,251,132,66,426,418,8,22,2022-05-31,22:00:00,2022-06-30,22:00:00,Tuesday,6592,2178,8770,-801,0,False
71608V603756,Bygdøy alle,KV10967 S1D1 m1314,2022-05-31 22:00:00,2022-06-30 22:00:00,2022,5,14823,14823,14823,100.0,30,30,0,578,96.1,Totalt,12588,1657,474,236,90,858,847,11,22,2022-05-31,22:00:00,2022-06-30,22:00:00,Tuesday,12588,4173,16761,-1938,0,True
71608V603756,Bygdøy alle,KV10967 S1D1 m1314,2022-06-30 22:00:00,2022-07-31 22:00:00,2022,6,4990,4990,4990,100.0,31,31,0,230,95.4,1,4308,452,187,98,50,117,114,3,22,2022-06-30,22:00:00,2022-07-31,22:00:00,Thursday,4308,1021,5329,-339,0,False
71608V603756,Bygdøy alle,KV10967 S1D1 m1314,2022-06-30 22:00:00,2022-07-31 22:00:00,2022,6,4951,4951,4951,100.0,31,31,0,16,99.7,2,4282,653,162,72,11,408,408,0,22,2022-06-30,22:00:00,2022-07-31,22:00:00,Thursday,4282,1714,5996,-1045,0,False
71608V603756,Bygdøy alle,KV10967 S1D1 m1314,2022-06-30 22:00:00,2022-07-31 22:00:00,2022,6,913,913,913,100.0,31,31,0,5,99.5,3,583,325,17,7,2,299,298,1,22,2022-06-30,22:00:00,2022-07-31,22:00:00,Thursday,583,949,1532,-619,0,True
71608V603756,Bygdøy alle,KV10967 S1D1 m1314,2022-06-30 22:00:00,2022-07-31 22:00:00,2022,6,4959,4959,4959,100.0,31,31,0,16,99.7,Totalt i retning Solli Plass,4286,657,164,73,11,409,409,0,22,2022-06-30,22:00:00,2022-07-31,22:00:00,Thursday,4286,1723,6009,-1050,0,False
71608V603756,Bygdøy alle,KV10967 S1D1 m1314,2022-06-30 22:00:00,2022-07-31 22:00:00,2022,6,5895,5895,5895,100.0,31,31,0,235,96.0,Totalt i retning Skøyen,4887,773,203,104,51,415,411,4,22,2022-06-30,22:00:00,2022-07-31,22:00:00,Thursday,4887,1961,6848,-953,0,False
71608V603756,Bygdøy alle,KV10967 S1D1 m1314,2022-06-30 22:00:00,2022-07-31 22:00:00,2022,6,10854,10854,10854,100.0,31,31,0,251,97.7,Totalt,9173,1430,367,177,62,824,819,5,22,2022-06-30,22:00:00,2022-07-31,22:00:00,Thursday,9173,3684,12857,-2003,0,True
71608V603756,Bygdøy alle,KV10967 S1D1 m1314,2022-07-31 22:00:00,2022-08-31 22:00:00,2022,7,6282,6282,6282,100.0,31,31,0,465,92.6,1,5321,496,215,121,57,103,99,4,22,2022-07-31,22:00:00,2022-08-31,22:00:00,Sunday,5321,1095,6416,-134,0,False
71608V603756,Bygdøy alle,KV10967 S1D1 m1314,2022-07-31 22:00:00,2022-08-31 22:00:00,2022,7,6579,6579,6579,100.0,31,31,0,68,99.0,2,5744,767,216,95,20,436,434,2,22,2022-07-31,22:00:00,2022-08-31,22:00:00,Sunday,5744,1970,7714,-1135,0,False
71608V603756,Bygdøy alle,KV10967 S1D1 m1314,2022-07-31 22:00:00,2022-08-31 22:00:00,2022,7,1511,1511,1511,100.0,31,31,0,30,98.0,3,1096,385,34,15,8,327,325,2,22,2022-07-31,22:00:00,2022-08-31,22:00:00,Sunday,1096,1096,2192,-681,0,True
71608V603756,Bygdøy alle,KV10967 S1D1 m1314,2022-07-31 22:00:00,2022-08-31 22:00:00,2022,7,6588,6588,6588,100.0,31,31,0,71,98.9,Totalt i retning Solli Plass,5747,770,217,96,21,437,434,3,22,2022-07-31,22:00:00,2022-08-31,22:00:00,Sunday,5747,1978,7725,-1137,0,False
71608V603756,Bygdøy alle,KV10967 S1D1 m1314,2022-07-31 22:00:00,2022-08-31 22:00:00,2022,7,7784,7784,7784,100.0,31,31,0,492,93.7,Totalt i retning Skøyen,6414,878,248,136,64,430,424,6,22,2022-07-31,22:00:00,2022-08-31,22:00:00,Sunday,6414,2186,8600,-816,0,False
71608V603756,Bygdøy alle,KV10967 S1D1 m1314,2022-07-31 22:00:00,2022-08-31 22:00:00,2022,7,14372,14372,14372,100.0,31,31,0,563,96.1,Totalt,12161,1649,465,232,85,866,858,8,22,2022-07-31,22:00:00,2022-08-31,22:00:00,Sunday,12161,4163,16324,-1952,0,True
71608V603756,Bygdøy alle,KV10967 S1D1 m1314,2022-08-31 22:00:00,2022-09-30 22:00:00,2022,8,6251,6251,6251,100.0,30,30,0,432,93.1,1,5324,495,221,114,55,105,100,5,22,2022-08-31,22:00:00,2022-09-30,22:00:00,Wednesday,5324,1095,6419,-168,0,False
71608V603756,Bygdøy alle,KV10967 S1D1 m1314,2022-08-31 22:00:00,2022-09-30 22:00:00,2022,8,6498,6498,6498,100.0,30,30,0,71,98.9,2,5675,752,221,88,21,422,420,2,22,2022-08-31,22:00:00,2022-09-30,22:00:00,Wednesday,5675,1926,7601,-1103,0,False
71608V603756,Bygdøy alle,KV10967 S1D1 m1314,2022-08-31 22:00:00,2022-09-30 22:00:00,2022,8,1503,1503,1503,100.0,30,30,0,30,98.0,3,1095,378,36,15,7,319,317,2,22,2022-08-31,22:00:00,2022-09-30,22:00:00,Wednesday,1095,1074,2169,-666,0,True
71608V603756,Bygdøy alle,KV10967 S1D1 m1314,2022-08-31 22:00:00,2022-09-30 22:00:00,2022,8,6507,6507,6507,100.0,30,30,0,74,98.9,Totalt i retning Solli Plass,5678,756,222,89,21,422,420,2,22,2022-08-31,22:00:00,2022-09-30,22:00:00,Wednesday,5678,1932,7610,-1103,0,False
71608V603756,Bygdøy alle,KV10967 S1D1 m1314,2022-08-31 22:00:00,2022-09-30 22:00:00,2022,8,7744,7744,7744,100.0,30,30,0,459,94.1,Totalt i retning Skøyen,6416,869,255,129,62,423,416,7,22,2022-08-31,22:00:00,2022-09-30,22:00:00,Wednesday,6416,2161,8577,-833,0,False
71608V603756,Bygdøy alle,KV10967 S1D1 m1314,2022-08-31 22:00:00,2022-09-30 22:00:00,2022,8,14252,14252,14252,100.0,30,30,0,533,96.3,Totalt,12094,1625,477,217,84,847,837,10,22,2022-08-31,22:00:00,2022-09-30,22:00:00,Wednesday,12094,4097,16191,-1939,0,True
71608V603756,Bygdøy alle,KV10967 S1D1 m1314,2022-09-30 22:00:00,2022-10-31 23:00:00,2022,9,6125,6125,6125,100.0,31,31,0,370,94.0,1,5268,486,226,109,43,108,104,4,22,2022-09-30,22:00:00,2022-10-31,23:00:00,Friday,5268,1080,6348,-223,0,False
71608V603756,Bygdøy alle,KV10967 S1D1 m1314,2022-09-30 22:00:00,2022-10-31 23:00:00,2022,9,6305,6305,6305,100.0,31,31,0,61,99.0,2,5513,731,208,84,14,424,421,3,22,2022-09-30,22:00:00,2022-10-31,23:00:00,Friday,5513,1885,7398,-1093,0,False
71608V603756,Bygdøy alle,KV10967 S1D1 m1314,2022-09-30 22:00:00,2022-10-31 23:00:00,2022,9,1363,1363,1363,100.0,31,31,0,20,98.5,3,971,372,36,13,4,320,318,2,22,2022-09-30,22:00:00,2022-10-31,23:00:00,Friday,971,1065,2036,-673,0,True
71608V603756,Bygdøy alle,KV10967 S1D1 m1314,2022-09-30 22:00:00,2022-10-31 23:00:00,2022,9,6314,6314,6314,100.0,31,31,0,62,99.0,Totalt i retning Solli Plass,5517,734,210,85,15,425,422,3,22,2022-09-30,22:00:00,2022-10-31,23:00:00,Friday,5517,1894,7411,-1097,0,False
71608V603756,Bygdøy alle,KV10967 S1D1 m1314,2022-09-30 22:00:00,2022-10-31 23:00:00,2022,9,7479,7479,7479,100.0,31,31,0,389,94.8,Totalt i retning Skøyen,6235,855,260,121,46,427,421,6,22,2022-09-30,22:00:00,2022-10-31,23:00:00,Friday,6235,2136,8371,-892,0,False
71608V603756,Bygdøy alle,KV10967 S1D1 m1314,2022-09-30 22:00:00,2022-10-31 23:00:00,2022,9,13793,13793,13793,100.0,31,31,0,451,96.7,Totalt,11752,1589,470,207,61,851,843,8,22,2022-09-30,22:00:00,2022-10-31,23:00:00,Friday,11752,4029,15781,-1988,0,True
71608V603756,Bygdøy alle,KV10967 S1D1 m1314,2022-10-31 23:00:00,2022-11-30 23:00:00,2022,10,6285,6285,6285,100.0,30,30,0,396,93.7,1,5401,488,233,113,40,102,98,4,23,2022-10-31,23:00:00,2022-11-30,23:00:00,Monday,5401,1078,6479,-194,0,False
71608V603756,Bygdøy alle,KV10967 S1D1 m1314,2022-10-31 23:00:00,2022-11-30 23:00:00,2022,10,6490,6490,6490,100.0,30,30,0,74,98.9,2,5662,753,214,86,19,434,432,2,23,2022-10-31,23:00:00,2022-11-30,23:00:00,Monday,5662,1940,7602,-1112,0,False
71608V603756,Bygdøy alle,KV10967 S1D1 m1314,2022-10-31 23:00:00,2022-11-30 23:00:00,2022,10,1454,1454,1454,100.0,30,30,0,25,98.3,3,1038,391,41,15,4,331,330,1,23,2022-10-31,23:00:00,2022-11-30,23:00:00,Monday,1038,1113,2151,-697,0,True
71608V603756,Bygdøy alle,KV10967 S1D1 m1314,2022-10-31 23:00:00,2022-11-30 23:00:00,2022,10,6498,6498,6498,100.0,30,30,0,76,98.8,Totalt i retning Solli Plass,5666,756,216,87,20,434,432,2,23,2022-10-31,23:00:00,2022-11-30,23:00:00,Monday,5666,1947,7613,-1115,0,False
71608V603756,Bygdøy alle,KV10967 S1D1 m1314,2022-10-31 23:00:00,2022-11-30 23:00:00,2022,10,7731,7731,7731,100.0,30,30,0,419,94.6,Totalt i retning Skøyen,6436,876,273,127,44,433,428,5,23,2022-10-31,23:00:00,2022-11-30,23:00:00,Monday,6436,2186,8622,-891,0,False
71608V603756,Bygdøy alle,KV10967 S1D1 m1314,2022-10-31 23:00:00,2022-11-30 23:00:00,2022,10,14229,14229,14229,100.0,30,30,0,495,96.5,Totalt,12102,1632,488,214,64,866,859,7,23,2022-10-31,23:00:00,2022-11-30,23:00:00,Monday,12102,4130,16232,-2003,0,True
71608V603756,Bygdøy alle,KV10967 S1D1 m1314,2022-11-30 23:00:00,2022-12-31 23:00:00,2022,11,5825,5825,5825,100.0,31,31,0,339,94.2,1,5075,411,193,90,28,100,96,4,23,2022-11-30,23:00:00,2022-12-31,23:00:00,Wednesday,5075,922,5997,-172,0,False
71608V603756,Bygdøy alle,KV10967 S1D1 m1314,2022-11-30 23:00:00,2022-12-31 23:00:00,2022,11,6001,6001,6001,100.0,31,31,0,70,98.8,2,5261,669,171,71,10,418,416,2,23,2022-11-30,23:00:00,2022-12-31,23:00:00,Wednesday,5261,1757,7018,-1017,0,False
71608V603756,Bygdøy alle,KV10967 S1D1 m1314,2022-11-30 23:00:00,2022-12-31 23:00:00,2022,11,1381,1381,1381,100.0,31,31,0,23,98.3,3,988,371,36,14,3,318,316,2,23,2022-11-30,23:00:00,2022-12-31,23:00:00,Wednesday,988,1060,2048,-667,0,True
71608V603756,Bygdøy alle,KV10967 S1D1 m1314,2022-11-30 23:00:00,2022-12-31 23:00:00,2022,11,6013,6013,6013,100.0,31,31,0,73,98.8,Totalt i retning Solli Plass,5268,673,173,72,10,418,416,2,23,2022-11-30,23:00:00,2022-12-31,23:00:00,Wednesday,5268,1764,7032,-1019,0,False
71608V603756,Bygdøy alle,KV10967 S1D1 m1314,2022-11-30 23:00:00,2022-12-31 23:00:00,2022,11,7194,7194,7194,100.0,31,31,0,359,95.0,Totalt i retning Skøyen,6056,779,227,103,31,418,412,6,23,2022-11-30,23:00:00,2022-12-31,23:00:00,Wednesday,6056,1976,8032,-838,0,False
71608V603756,Bygdøy alle,KV10967 S1D1 m1314,2022-11-30 23:00:00,2022-12-31 23:00:00,2022,11,13207,13207,13207,100.0,31,31,0,432,96.7,Totalt,11324,1451,400,174,41,836,828,8,23,2022-11-30,23:00:00,2022-12-31,23:00:00,Wednesday,11324,3738,15062,-1855,0,True
71608V603756,Bygdøy alle,KV10967 S1D1 m1314,2022-12-31 23:00:00,2023-01-31 23:00:00,2022,12,5609,5609,5609,100.0,31,31,0,298,94.7,1,4867,444,212,94,28,110,107,3,23,2022-12-31,23:00:00,2023-01-31,23:00:00,Saturday,4867,998,5865,-256,0,False
71608V603756,Bygdøy alle,KV10967 S1D1 m1314,2022-12-31 23:00:00,2023-01-31 23:00:00,2022,12,5679,5679,5679,100.0,31,31,0,58,99.0,2,4946,675,171,69,11,424,422,2,23,2022-12-31,23:00:00,2023-01-31,23:00:00,Saturday,4946,1774,6720,-1041,0,False
71608V603756,Bygdøy alle,KV10967 S1D1 m1314,2022-12-31 23:00:00,2023-01-31 23:00:00,2022,12,1196,1196,1196,100.0,31,31,0,14,98.8,3,820,362,30,12,3,316,315,1,23,2022-12-31,23:00:00,2023-01-31,23:00:00,Saturday,820,1039,1859,-663,0,True
71608V603756,Bygdøy alle,KV10967 S1D1 m1314,2022-12-31 23:00:00,2023-01-31 23:00:00,2022,12,5692,5692,5692,100.0,31,31,0,59,99.0,Totalt i retning Solli Plass,4952,681,173,71,12,425,423,2,23,2022-12-31,23:00:00,2023-01-31,23:00:00,Saturday,4952,1787,6739,-1047,0,False
71608V603756,Bygdøy alle,KV10967 S1D1 m1314,2022-12-31 23:00:00,2023-01-31 23:00:00,2022,12,6792,6792,6792,100.0,31,31,0,311,95.4,Totalt i retning Skøyen,5681,800,240,104,30,426,422,4,23,2022-12-31,23:00:00,2023-01-31,23:00:00,Saturday,5681,2026,7707,-915,0,False
71608V603756,Bygdøy alle,KV10967 S1D1 m1314,2022-12-31 23:00:00,2023-01-31 23:00:00,2022,12,12484,12484,12484,100.0,31,31,0,370,97.0,Totalt,10633,1481,413,175,42,851,845,6,23,2022-12-31,23:00:00,2023-01-31,23:00:00,Saturday,10633,3813,14446,-1962,0,True
71608V603756,Bygdøy alle,KV10967 S1D1 m1314,2023-01-31 23:00:00,2023-02-28 23:00:00,2023,1,5990,5990,5990,100.0,28,28,0,320,94.7,1,5195,475,233,100,32,110,105,5,23,2023-01-31,23:00:00,2023-02-28,23:00:00,Tuesday,5195,1060,6255,-265,0,False
71608V603756,Bygdøy alle,KV10967 S1D1 m1314,2023-01-31 23:00:00,2023-02-28 23:00:00,2023,1,5961,5961,5961,100.0,28,28,0,58,99.0,2,5214,689,176,71,12,429,427,2,23,2023-01-31,23:00:00,2023-02-28,23:00:00,Tuesday,5214,1806,7020,-1059,0,False
71608V603756,Bygdøy alle,KV10967 S1D1 m1314,2023-01-31 23:00:00,2023-02-28 23:00:00,2023,1,1237,1237,1237,100.0,28,28,0,14,98.9,3,854,369,31,11,2,326,324,2,23,2023-01-31,23:00:00,2023-02-28,23:00:00,Tuesday,854,1065,1919,-682,0,True
71608V603756,Bygdøy alle,KV10967 S1D1 m1314,2023-01-31 23:00:00,2023-02-28 23:00:00,2023,1,5973,5973,5973,100.0,28,28,0,59,99.0,Totalt i retning Solli Plass,5219,695,178,73,13,430,428,2,23,2023-01-31,23:00:00,2023-02-28,23:00:00,Tuesday,5219,1819,7038,-1065,0,False
71608V603756,Bygdøy alle,KV10967 S1D1 m1314,2023-01-31 23:00:00,2023-02-28 23:00:00,2023,1,7215,7215,7215,100.0,28,28,0,333,95.4,Totalt i retning Skøyen,6044,839,262,109,33,434,428,6,23,2023-01-31,23:00:00,2023-02-28,23:00:00,Tuesday,6044,2111,8155,-940,0,False
71608V603756,Bygdøy alle,KV10967 S1D1 m1314,2023-01-31 23:00:00,2023-02-28 23:00:00,2023,1,13188,13188,13188,100.0,28,28,0,392,97.0,Totalt,11263,1533,441,182,46,864,856,8,23,2023-01-31,23:00:00,2023-02-28,23:00:00,Tuesday,11263,3930,15193,-2005,0,True
71608V603756,Bygdøy alle,KV10967 S1D1 m1314,2023-02-28 23:00:00,2023-03-31 22:00:00,2023,2,6319,6319,6319,100.0,31,31,0,356,94.4,1,5477,487,231,106,38,112,108,4,23,2023-02-28,23:00:00,2023-03-31,22:00:00,Tuesday,5477,1086,6563,-244,0,False
71608V603756,Bygdøy alle,KV10967 S1D1 m1314,2023-02-28 23:00:00,2023-03-31 22:00:00,2023,2,6241,6241,6241,100.0,31,31,0,70,98.9,2,5469,702,180,74,14,434,432,2,23,2023-02-28,23:00:00,2023-03-31,22:00:00,Tuesday,5469,1838,7307,-1066,0,False
71608V603756,Bygdøy alle,KV10967 S1D1 m1314,2023-02-28 23:00:00,2023-03-31 22:00:00,2023,2,1343,1343,1343,100.0,31,31,0,18,98.7,3,948,377,33,12,3,329,327,2,23,2023-02-28,23:00:00,2023-03-31,22:00:00,Tuesday,948,1083,2031,-688,0,True
71608V603756,Bygdøy alle,KV10967 S1D1 m1314,2023-02-28 23:00:00,2023-03-31 22:00:00,2023,2,6255,6255,6255,100.0,31,31,0,72,98.8,Totalt i retning Solli Plass,5475,709,182,76,15,435,433,2,23,2023-02-28,23:00:00,2023-03-31,22:00:00,Tuesday,5475,1852,7327,-1072,0,False
71608V603756,Bygdøy alle,KV10967 S1D1 m1314,2023-02-28 23:00:00,2023-03-31 22:00:00,2023,2,7649,7649,7649,100.0,31,31,0,373,95.1,Totalt i retning Skøyen,6420,857,262,115,40,439,433,6,23,2023-02-28,23:00:00,2023-03-31,22:00:00,Tuesday,6420,2152,8572,-923,0,False
71608V603756,Bygdøy alle,KV10967 S1D1 m1314,2023-02-28 23:00:00,2023-03-31 22:00:00,2023,2,13904,13904,13904,100.0,31,31,0,444,96.8,Totalt,11894,1565,445,191,55,874,866,8,23,2023-02-28,23:00:00,2023-03-31,22:00:00,Tuesday,11894,4004,15898,-1994,0,True
71608V603756,Bygdøy alle,KV10967 S1D1 m1314,2023-03-31 22:00:00,2023-04-30 22:00:00,2023,3,5694,5694,5694,100.0,30,30,0,312,94.5,1,4947,435,191,95,38,111,106,5,22,2023-03-31,22:00:00,2023-04-30,22:00:00,Friday,4947,981,5928,-234,0,False
71608V603756,Bygdøy alle,KV10967 S1D1 m1314,2023-03-31 22:00:00,2023-04-30 22:00:00,2023,3,5664,5664,5664,100.0,30,30,0,62,98.9,2,4992,610,144,69,12,385,383,2,22,2023-03-31,22:00:00,2023-04-30,22:00:00,Friday,4992,1605,6597,-933,0,False
71608V603756,Bygdøy alle,KV10967 S1D1 m1314,2023-03-31 22:00:00,2023-04-30 22:00:00,2023,3,1214,1214,1214,100.0,30,30,0,16,98.7,3,869,329,27,11,4,286,285,1,22,2023-03-31,22:00:00,2023-04-30,22:00:00,Friday,869,943,1812,-598,0,True
71608V603756,Bygdøy alle,KV10967 S1D1 m1314,2023-03-31 22:00:00,2023-04-30 22:00:00,2023,3,5679,5679,5679,100.0,30,30,0,64,98.9,Totalt i retning Solli Plass,4997,618,148,72,12,386,384,2,22,2023-03-31,22:00:00,2023-04-30,22:00:00,Friday,4997,1622,6619,-940,0,False
71608V603756,Bygdøy alle,KV10967 S1D1 m1314,2023-03-31 22:00:00,2023-04-30 22:00:00,2023,3,6894,6894,6894,100.0,30,30,0,328,95.2,Totalt i retning Skøyen,5811,755,214,103,41,396,390,6,22,2023-03-31,22:00:00,2023-04-30,22:00:00,Friday,5811,1905,7716,-822,0,False
71608V603756,Bygdøy alle,KV10967 S1D1 m1314,2023-03-31 22:00:00,2023-04-30 22:00:00,2023,3,12573,12573,12573,100.0,30,30,0,392,96.9,Totalt,10808,1373,363,175,54,781,774,7,22,2023-03-31,22:00:00,2023-04-30,22:00:00,Friday,10808,3527,14335,-1762,0,True
71608V603756,Bygdøy alle,KV10967 S1D1 m1314,2023-04-30 22:00:00,2023-05-31 22:00:00,2023,4,6274,6274,6274,100.0,31,31,0,424,93.2,1,5361,489,219,108,50,112,107,5,22,2023-04-30,22:00:00,2023-05-31,22:00:00,Sunday,5361,1090,6451,-177,0,False
71608V603756,Bygdøy alle,KV10967 S1D1 m1314,2023-04-30 22:00:00,2023-05-31 22:00:00,2023,4,6460,6460,6460,100.0,31,31,0,87,98.7,2,5697,676,177,80,21,398,395,3,22,2023-04-30,22:00:00,2023-05-31,22:00:00,Sunday,5697,1750,7447,-987,0,False
71608V603756,Bygdøy alle,KV10967 S1D1 m1314,2023-04-30 22:00:00,2023-05-31 22:00:00,2023,4,1495,1495,1495,100.0,31,31,0,27,98.2,3,1113,355,36,13,8,298,296,2,22,2023-04-30,22:00:00,2023-05-31,22:00:00,Sunday,1113,1008,2121,-626,0,True
71608V603756,Bygdøy alle,KV10967 S1D1 m1314,2023-04-30 22:00:00,2023-05-31 22:00:00,2023,4,6476,6476,6476,100.0,31,31,0,88,98.6,Totalt i retning Solli Plass,5701,687,184,84,21,398,395,3,22,2023-04-30,22:00:00,2023-05-31,22:00:00,Sunday,5701,1772,7473,-997,0,False
71608V603756,Bygdøy alle,KV10967 S1D1 m1314,2023-04-30 22:00:00,2023-05-31 22:00:00,2023,4,7753,7753,7753,100.0,31,31,0,449,94.2,Totalt i retning Skøyen,6471,834,248,118,58,410,403,7,22,2023-04-30,22:00:00,2023-05-31,22:00:00,Sunday,6471,2078,8549,-796,0,False
71608V603756,Bygdøy alle,KV10967 S1D1 m1314,2023-04-30 22:00:00,2023-05-31 22:00:00,2023,4,14229,14229,14229,100.0,31,31,0,537,96.2,Totalt,12172,1520,432,202,79,807,798,9,22,2023-04-30,22:00:00,2023-05-31,22:00:00,Sunday,12172,3847,16019,-1790,0,True
71608V603756,Bygdøy alle,KV10967 S1D1 m1314,2023-05-31 22:00:00,2023-06-30 22:00:00,2023,5,6663,6663,6663,100.0,30,30,0,487,92.7,1,5654,521,236,123,54,108,102,6,22,2023-05-31,22:00:00,2023-06-30,22:00:00,Wednesday,5654,1150,6804,-141,0,False
71608V603756,Bygdøy alle,KV10967 S1D1 m1314,2023-05-31 22:00:00,2023-06-30 22:00:00,2023,5,6813,6813,6813,100.0,30,30,0,91,98.7,2,5976,746,207,95,27,416,414,2,22,2023-05-31,22:00:00,2023-06-30,22:00:00,Wednesday,5976,1907,7883,-1070,0,False
71608V603756,Bygdøy alle,KV10967 S1D1 m1314,2023-05-31 22:00:00,2023-06-30 22:00:00,2023,5,1685,1685,1685,100.0,30,30,0,33,98.0,3,1266,386,41,18,13,315,312,3,22,2023-05-31,22:00:00,2023-06-30,22:00:00,Wednesday,1266,1088,2354,-669,0,True
71608V603756,Bygdøy alle,KV10967 S1D1 m1314,2023-05-31 22:00:00,2023-06-30 22:00:00,2023,5,6830,6830,6830,100.0,30,30,0,94,98.6,Totalt i retning Solli Plass,5980,756,213,99,27,417,414,3,22,2023-05-31,22:00:00,2023-06-30,22:00:00,Wednesday,5980,1929,7909,-1079,0,False
71608V603756,Bygdøy alle,KV10967 S1D1 m1314,2023-05-31 22:00:00,2023-06-30 22:00:00,2023,5,8331,8331,8331,100.0,30,30,0,517,93.8,Totalt i retning Skøyen,6916,898,271,138,67,421,413,8,22,2023-05-31,22:00:00,2023-06-30,22:00:00,Wednesday,6916,2216,9132,-801,0,False
71608V603756,Bygdøy alle,KV10967 S1D1 m1314,2023-05-31 22:00:00,2023-06-30 22:00:00,2023,5,15161,15161,15161,100.0,30,30,0,611,96.0,Totalt,12896,1653,484,237,94,838,827,11,22,2023-05-31,22:00:00,2023-06-30,22:00:00,Wednesday,12896,4144,17040,-1879,0,True
71608V603756,Bygdøy alle,KV10967 S1D1 m1314,2023-06-30 22:00:00,2023-07-31 22:00:00,2023,6,5048,5048,5048,100.0,31,31,0,256,94.9,1,4317,476,207,98,49,121,117,4,22,2023-06-30,22:00:00,2023-07-31,22:00:00,Friday,4317,1072,5389,-341,0,False
71608V603756,Bygdøy alle,KV10967 S1D1 m1314,2023-06-30 22:00:00,2023-07-31 22:00:00,2023,6,4462,4462,4462,100.0,31,31,0,13,99.7,2,3867,583,126,60,12,385,384,1,22,2023-06-30,22:00:00,2023-07-31,22:00:00,Friday,3867,1551,5418,-956,0,False
71608V603756,Bygdøy alle,KV10967 S1D1 m1314,2023-06-30 22:00:00,2023-07-31 22:00:00,2023,6,1151,1151,1151,100.0,31,31,0,5,99.6,3,819,327,29,12,4,282,281,1,22,2023-06-30,22:00:00,2023-07-31,22:00:00,Friday,819,936,1755,-604,0,True
71608V603756,Bygdøy alle,KV10967 S1D1 m1314,2023-06-30 22:00:00,2023-07-31 22:00:00,2023,6,4478,4478,4478,100.0,31,31,0,13,99.7,Totalt i retning Solli Plass,3871,594,132,65,12,386,385,1,22,2023-06-30,22:00:00,2023-07-31,22:00:00,Friday,3871,1575,5446,-968,0,False
71608V603756,Bygdøy alle,KV10967 S1D1 m1314,2023-06-30 22:00:00,2023-07-31 22:00:00,2023,6,6183,6183,6183,100.0,31,31,0,260,95.8,Totalt i retning Skøyen,5132,791,230,105,53,402,397,5,22,2023-06-30,22:00:00,2023-07-31,22:00:00,Friday,5132,1983,7115,-932,0,False
71608V603756,Bygdøy alle,KV10967 S1D1 m1314,2023-06-30 22:00:00,2023-07-31 22:00:00,2023,6,10661,10661,10661,100.0,31,31,0,273,97.4,Totalt,9003,1385,362,170,65,788,782,6,22,2023-06-30,22:00:00,2023-07-31,22:00:00,Friday,9003,3558,12561,-1900,0,True
71608V603756,Bygdøy alle,KV10967 S1D1 m1314,2023-07-31 22:00:00,2023-08-31 22:00:00,2023,7,5811,5811,5811,100.0,31,31,0,467,92.0,1,4844,499,227,113,54,105,100,5,22,2023-07-31,22:00:00,2023-08-31,22:00:00,Monday,4844,1103,5947,-136,0,False
71608V603756,Bygdøy alle,KV10967 S1D1 m1314,2023-07-31 22:00:00,2023-08-31 22:00:00,2023,7,5106,5106,5106,100.0,31,31,0,23,99.5,2,4436,646,158,69,14,405,404,1,22,2023-07-31,22:00:00,2023-08-31,22:00:00,Monday,4436,1697,6133,-1027,0,False
71608V603756,Bygdøy alle,KV10967 S1D1 m1314,2023-07-31 22:00:00,2023-08-31 22:00:00,2023,7,1818,1818,1818,100.0,31,31,0,35,98.1,3,1385,398,51,22,13,311,309,2,22,2023-07-31,22:00:00,2023-08-31,22:00:00,Monday,1385,1106,2491,-673,0,True
71608V603756,Bygdøy alle,KV10967 S1D1 m1314,2023-07-31 22:00:00,2023-08-31 22:00:00,2023,7,5120,5120,5120,100.0,31,31,0,26,99.5,Totalt i retning Solli Plass,4440,655,163,73,14,405,404,1,22,2023-07-31,22:00:00,2023-08-31,22:00:00,Monday,4440,1715,6155,-1035,0,False
71608V603756,Bygdøy alle,KV10967 S1D1 m1314,2023-07-31 22:00:00,2023-08-31 22:00:00,2023,7,7616,7616,7616,100.0,31,31,0,501,93.4,Totalt i retning Skøyen,6226,889,273,132,67,416,409,7,22,2023-07-31,22:00:00,2023-08-31,22:00:00,Monday,6226,2193,8419,-803,0,False
71608V603756,Bygdøy alle,KV10967 S1D1 m1314,2023-07-31 22:00:00,2023-08-31 22:00:00,2023,7,12736,12736,12736,100.0,31,31,0,526,95.9,Totalt,10666,1544,436,205,81,822,814,8,22,2023-07-31,22:00:00,2023-08-31,22:00:00,Monday,10666,3910,14576,-1840,0,True
71608V603756,Bygdøy alle,KV10967 S1D1 m1314,2023-08-31 22:00:00,2023-09-30 22:00:00,2023,8,5839,5839,5839,100.0,30,30,0,387,93.4,1,4953,499,229,109,51,110,105,5,22,2023-08-31,22:00:00,2023-09-30,22:00:00,Thursday,4953,1108,6061,-222,0,False
71608V603756,Bygdøy alle,KV10967 S1D1 m1314,2023-08-31 22:00:00,2023-09-30 22:00:00,2023,8,5606,5606,5606,100.0,30,30,0,37,99.3,2,4884,685,184,82,15,403,402,1,22,2023-08-31,22:00:00,2023-09-30,22:00:00,Thursday,4884,1772,6656,-1050,0,False
71608V603756,Bygdøy alle,KV10967 S1D1 m1314,2023-08-31 22:00:00,2023-09-30 22:00:00,2023,8,1394,1394,1394,100.0,30,30,0,17,98.8,3,1017,360,38,15,6,301,300,1,22,2023-08-31,22:00:00,2023-09-30,22:00:00,Thursday,1017,1021,2038,-644,0,True
71608V603756,Bygdøy alle,KV10967 S1D1 m1314,2023-08-31 22:00:00,2023-09-30 22:00:00,2023,8,5619,5619,5619,100.0,30,30,0,38,99.3,Totalt i retning Solli Plass,4888,693,189,85,16,403,402,1,22,2023-08-31,22:00:00,2023-09-30,22:00:00,Thursday,4888,1789,6677,-1058,0,False
71608V603756,Bygdøy alle,KV10967 S1D1 m1314,2023-08-31 22:00:00,2023-09-30 22:00:00,2023,8,7219,7219,7219,100.0,30,30,0,401,94.4,Totalt i retning Skøyen,5966,851,262,120,57,412,405,7,22,2023-08-31,22:00:00,2023-09-30,22:00:00,Thursday,5966,2114,8080,-861,0,False
71608V603756,Bygdøy alle,KV10967 S1D1 m1314,2023-08-31 22:00:00,2023-09-30 22:00:00,2023,8,12838,12838,12838,100.0,30,30,0,440,96.6,Totalt,10855,1544,451,205,73,815,807,8,22,2023-08-31,22:00:00,2023-09-30,22:00:00,Thursday,10855,3903,14758,-1920,0,True
71608V603756,Bygdøy alle,KV10967 S1D1 m1314,2023-09-30 22:00:00,2023-10-31 23:00:00,2023,9,5795,5795,5795,100.0,31,31,0,338,94.2,1,4983,474,227,104,34,109,104,5,22,2023-09-30,22:00:00,2023-10-31,23:00:00,Saturday,4983,1057,6040,-245,0,False
71608V603756,Bygdøy alle,KV10967 S1D1 m1314,2023-09-30 22:00:00,2023-10-31 23:00:00,2023,9,5623,5623,5623,100.0,31,31,0,50,99.1,2,4899,675,180,81,12,401,400,1,22,2023-09-30,22:00:00,2023-10-31,23:00:00,Saturday,4899,1750,6649,-1026,0,False
71608V603756,Bygdøy alle,KV10967 S1D1 m1314,2023-09-30 22:00:00,2023-10-31 23:00:00,2023,9,1297,1297,1297,100.0,31,31,0,14,98.9,3,932,351,36,13,4,298,297,1,22,2023-09-30,22:00:00,2023-10-31,23:00:00,Saturday,932,1000,1932,-635,0,True
71608V603756,Bygdøy alle,KV10967 S1D1 m1314,2023-09-30 22:00:00,2023-10-31 23:00:00,2023,9,5634,5634,5634,100.0,31,31,0,51,99.1,Totalt i retning Solli Plass,4903,681,184,83,12,402,401,1,22,2023-09-30,22:00:00,2023-10-31,23:00:00,Saturday,4903,1764,6667,-1033,0,False
71608V603756,Bygdøy alle,KV10967 S1D1 m1314,2023-09-30 22:00:00,2023-10-31 23:00:00,2023,9,7081,7081,7081,100.0,31,31,0,351,95.0,Totalt i retning Skøyen,5911,820,260,116,38,406,400,6,22,2023-09-30,22:00:00,2023-10-31,23:00:00,Saturday,5911,2046,7957,-876,0,False
71608V603756,Bygdøy alle,KV10967 S1D1 m1314,2023-09-30 22:00:00,2023-10-31 23:00:00,2023,9,12715,12715,12715,100.0,31,31,0,401,96.8,Totalt,10814,1500,444,198,50,808,801,7,22,2023-09-30,22:00:00,2023-10-31,23:00:00,Saturday,10814,3808,14622,-1907,0,True
71608V603756,Bygdøy alle,KV10967 S1D1 m1314,2023-10-31 23:00:00,2023-11-30 23:00:00,2023,10,6081,6081,6081,100.0,30,30,0,339,94.4,1,5241,501,251,108,33,108,103,5,23,2023-10-31,23:00:00,2023-11-30,23:00:00,Tuesday,5241,1109,6350,-269,0,False
71608V603756,Bygdøy alle,KV10967 S1D1 m1314,2023-10-31 23:00:00,2023-11-30 23:00:00,2023,10,5936,5936,5936,100.0,30,30,0,69,98.8,2,5171,696,193,78,10,415,413,2,23,2023-10-31,23:00:00,2023-11-30,23:00:00,Tuesday,5171,1807,6978,-1042,0,False
71608V603756,Bygdøy alle,KV10967 S1D1 m1314,2023-10-31 23:00:00,2023-11-30 23:00:00,2023,10,1269,1269,1269,100.0,30,30,0,13,99.0,3,893,363,38,13,3,309,308,1,23,2023-10-31,23:00:00,2023-11-30,23:00:00,Tuesday,893,1035,1928,-659,0,True
71608V603756,Bygdøy alle,KV10967 S1D1 m1314,2023-10-31 23:00:00,2023-11-30 23:00:00,2023,10,5945,5945,5945,100.0,30,30,0,69,98.8,Totalt i retning Solli Plass,5175,701,197,80,10,415,413,2,23,2023-10-31,23:00:00,2023-11-30,23:00:00,Tuesday,5175,1818,6993,-1048,0,False
71608V603756,Bygdøy alle,KV10967 S1D1 m1314,2023-10-31 23:00:00,2023-11-30 23:00:00,2023,10,7340,7340,7340,100.0,30,30,0,350,95.2,Totalt i retning Skøyen,6131,858,286,120,36,417,411,6,23,2023-10-31,23:00:00,2023-11-30,23:00:00,Tuesday,6131,2134,8265,-925,0,False
71608V603756,Bygdøy alle,KV10967 S1D1 m1314,2023-10-31 23:00:00,2023-11-30 23:00:00,2023,10,13285,13285,13285,100.0,30,30,0,420,96.8,Totalt,11306,1559,483,200,46,832,824,8,23,2023-10-31,23:00:00,2023-11-30,23:00:00,Tuesday,11306,3952,15258,-1973,0,True
71608V603756,Bygdøy alle,KV10967 S1D1 m1314,2023-11-30 23:00:00,2023-12-31 23:00:00,2023,11,5701,5701,5701,100.0,31,31,0,315,94.5,1,4967,419,202,83,28,108,104,4,23,2023-11-30,23:00:00,2023-12-31,23:00:00,Thursday,4967,948,5915,-214,0,False
71608V603756,Bygdøy alle,KV10967 S1D1 m1314,2023-11-30 23:00:00,2023-12-31 23:00:00,2023,11,5610,5610,5610,100.0,31,31,0,70,98.8,2,4920,620,153,63,9,395,393,2,23,2023-11-30,23:00:00,2023-12-31,23:00:00,Thursday,4920,1635,6555,-945,0,False
71608V603756,Bygdøy alle,KV10967 S1D1 m1314,2023-11-30 23:00:00,2023-12-31 23:00:00,2023,11,1231,1231,1231,100.0,31,31,0,15,98.8,3,882,335,29,11,4,291,290,1,23,2023-11-30,23:00:00,2023-12-31,23:00:00,Thursday,882,961,1843,-612,0,True
71608V603756,Bygdøy alle,KV10967 S1D1 m1314,2023-11-30 23:00:00,2023-12-31 23:00:00,2023,11,5624,5624,5624,100.0,31,31,0,71,98.7,Totalt i retning Solli Plass,4926,626,158,65,9,395,393,2,23,2023-11-30,23:00:00,2023-12-31,23:00:00,Thursday,4926,1648,6574,-950,0,False
71608V603756,Bygdøy alle,KV10967 S1D1 m1314,2023-11-30 23:00:00,2023-12-31 23:00:00,2023,11,6918,6918,6918,100.0,31,31,0,328,95.3,Totalt i retning Skøyen,5842,748,226,93,31,399,394,5,23,2023-11-30,23:00:00,2023-12-31,23:00:00,Thursday,5842,1896,7738,-820,0,False
71608V603756,Bygdøy alle,KV10967 S1D1 m1314,2023-11-30 23:00:00,2023-12-31 23:00:00,2023,11,12542,12542,12542,100.0,31,31,0,399,96.8,Totalt,10768,1374,383,157,40,794,787,7,23,2023-11-30,23:00:00,2023-12-31,23:00:00,Thursday,10768,3542,14310,-1768,0,True
71608V603756,Bygdøy alle,KV10967 S1D1 m1314,2023-12-31 23:00:00,2024-01-31 23:00:00,2023,12,5528,5528,5528,100.0,31,31,0,292,94.7,1,4764,472,231,97,25,118,115,3,23,2023-12-31,23:00:00,2024-01-31,23:00:00,Sunday,4764,1061,5825,-297,0,False
71608V603756,Bygdøy alle,KV10967 S1D1 m1314,2023-12-31 23:00:00,2024-01-31 23:00:00,2023,12,5215,5215,5215,100.0,31,31,0,58,98.9,2,4562,595,149,72,8,367,366,1,23,2023-12-31,23:00:00,2024-01-31,23:00:00,Sunday,4562,1558,6120,-905,0,False
71608V603756,Bygdøy alle,KV10967 S1D1 m1314,2023-12-31 23:00:00,2024-01-31 23:00:00,2023,12,1140,1140,1140,100.0,31,31,0,14,98.8,3,816,310,26,12,3,270,268,2,23,2023-12-31,23:00:00,2024-01-31,23:00:00,Sunday,816,891,1707,-567,0,True
71608V603756,Bygdøy alle,KV10967 S1D1 m1314,2023-12-31 23:00:00,2024-01-31 23:00:00,2023,12,5237,5237,5237,100.0,31,31,0,59,98.9,Totalt i retning Solli Plass,4570,608,158,74,8,367,366,1,23,2023-12-31,23:00:00,2024-01-31,23:00:00,Sunday,4570,1582,6152,-915,0,False
71608V603756,Bygdøy alle,KV10967 S1D1 m1314,2023-12-31 23:00:00,2024-01-31 23:00:00,2023,12,6646,6646,6646,100.0,31,31,0,305,95.4,Totalt i retning Skøyen,5571,769,248,107,28,387,382,5,23,2023-12-31,23:00:00,2024-01-31,23:00:00,Sunday,5571,1926,7497,-851,0,False
71608V603756,Bygdøy alle,KV10967 S1D1 m1314,2023-12-31 23:00:00,2024-01-31 23:00:00,2023,12,11883,11883,11883,100.0,31,31,0,365,96.9,Totalt,10141,1377,406,181,36,754,748,6,23,2023-12-31,23:00:00,2024-01-31,23:00:00,Sunday,10141,3508,13649,-1766,0,True
71608V603756,Bygdøy alle,KV10967 S1D1 m1314,2024-01-31 23:00:00,2024-02-29 23:00:00,2024,1,5940,5811,6069,79.3,29,23,6,311,94.8,1,5110,519,251,97,33,139,135,4,23,2024-01-31,23:00:00,2024-02-29,23:00:00,Wednesday,5110,1178,6288,-348,0,False
71608V603756,Bygdøy alle,KV10967 S1D1 m1314,2024-01-31 23:00:00,2024-02-29 23:00:00,2024,1,5503,5397,5609,79.3,29,23,6,55,99.0,2,4816,632,153,69,9,400,399,1,23,2024-01-31,23:00:00,2024-02-29,23:00:00,Wednesday,4816,1663,6479,-976,0,False
71608V603756,Bygdøy alle,KV10967 S1D1 m1314,2024-01-31 23:00:00,2024-02-29 23:00:00,2024,1,1145,1102,1188,79.3,29,23,6,13,98.9,3,794,338,28,11,4,294,292,2,23,2024-01-31,23:00:00,2024-02-29,23:00:00,Wednesday,794,969,1763,-618,0,True
71608V603756,Bygdøy alle,KV10967 S1D1 m1314,2024-01-31 23:00:00,2024-02-29 23:00:00,2024,1,5530,5424,5636,79.3,29,23,6,57,99.0,Totalt i retning Solli Plass,4825,648,165,72,10,402,400,2,23,2024-01-31,23:00:00,2024-02-29,23:00:00,Wednesday,4825,1699,6524,-994,0,False
71608V603756,Bygdøy alle,KV10967 S1D1 m1314,2024-01-31 23:00:00,2024-02-29 23:00:00,2024,1,7058,6888,7228,79.3,29,23,6,322,95.4,Totalt i retning Skøyen,5894,842,268,105,36,432,426,6,23,2024-01-31,23:00:00,2024-02-29,23:00:00,Wednesday,5894,2115,8009,-951,0,False
71608V603756,Bygdøy alle,KV10967 S1D1 m1314,2024-01-31 23:00:00,2024-02-29 23:00:00,2024,1,12588,12313,12863,79.3,29,23,6,379,97.0,Totalt,10719,1490,433,177,46,834,826,8,23,2024-01-31,23:00:00,2024-02-29,23:00:00,Wednesday,10719,3814,14533,-1945,0,True
71608V603756,Bygdøy alle,KV10967 S1D1 m1314,2024-02-29 23:00:00,2024-03-31 22:00:00,2024,2,5604,5604,5604,100.0,31,31,0,289,94.8,1,4843,472,218,88,35,131,126,5,23,2024-02-29,23:00:00,2024-03-31,22:00:00,Thursday,4843,1075,5918,-314,0,False
71608V603756,Bygdøy alle,KV10967 S1D1 m1314,2024-02-29 23:00:00,2024-03-31 22:00:00,2024,2,5240,5240,5240,100.0,31,31,0,47,99.1,2,4590,603,144,60,8,390,389,1,23,2024-02-29,23:00:00,2024-03-31,22:00:00,Thursday,4590,1595,6185,-945,0,False
71608V603756,Bygdøy alle,KV10967 S1D1 m1314,2024-02-29 23:00:00,2024-03-31 22:00:00,2024,2,1080,1080,1080,100.0,31,31,0,10,99.1,3,743,327,27,9,3,288,287,1,23,2024-02-29,23:00:00,2024-03-31,22:00:00,Thursday,743,942,1685,-605,0,True
71608V603756,Bygdøy alle,KV10967 S1D1 m1314,2024-02-29 23:00:00,2024-03-31 22:00:00,2024,2,5259,5259,5259,100.0,31,31,0,48,99.1,Totalt i retning Solli Plass,4595,617,154,63,8,391,390,1,23,2024-02-29,23:00:00,2024-03-31,22:00:00,Thursday,4595,1624,6219,-960,0,False
71608V603756,Bygdøy alle,KV10967 S1D1 m1314,2024-02-29 23:00:00,2024-03-31 22:00:00,2024,2,6665,6665,6665,100.0,31,31,0,298,95.5,Totalt i retning Skøyen,5581,786,235,94,38,418,413,5,23,2024-02-29,23:00:00,2024-03-31,22:00:00,Thursday,5581,1989,7570,-905,0,False
71608V603756,Bygdøy alle,KV10967 S1D1 m1314,2024-02-29 23:00:00,2024-03-31 22:00:00,2024,2,11924,11924,11924,100.0,31,31,0,346,97.1,Totalt,10176,1402,389,158,46,810,803,7,23,2024-02-29,23:00:00,2024-03-31,22:00:00,Thursday,10176,3615,13791,-1867,0,True
71608V603756,Bygdøy alle,KV10967 S1D1 m1314,2024-03-31 22:00:00,2024-04-30 22:00:00,2024,3,4906,4644,5168,93.3,30,28,2,311,93.7,1,4196,398,186,83,33,96,92,4,22,2024-03-31,22:00:00,2024-04-30,22:00:00,Sunday,4196,892,5088,-182,0,False
71608V603756,Bygdøy alle,KV10967 S1D1 m1314,2024-03-31 22:00:00,2024-04-30 22:00:00,2024,3,4649,4402,4896,93.3,30,28,2,54,98.8,2,4073,522,129,60,10,322,320,2,22,2024-03-31,22:00:00,2024-04-30,22:00:00,Sunday,4073,1365,5438,-789,0,False
71608V603756,Bygdøy alle,KV10967 S1D1 m1314,2024-03-31 22:00:00,2024-04-30 22:00:00,2024,3,1696,1571,1821,93.3,30,28,2,61,96.4,3,1260,376,45,22,7,302,300,2,22,2024-03-31,22:00:00,2024-04-30,22:00:00,Sunday,1260,1054,2314,-618,0,True
71608V603756,Bygdøy alle,KV10967 S1D1 m1314,2024-03-31 22:00:00,2024-04-30 22:00:00,2024,3,4663,4415,4911,93.3,30,28,2,55,98.8,Totalt i retning Solli Plass,4078,530,134,62,10,323,321,2,22,2024-03-31,22:00:00,2024-04-30,22:00:00,Sunday,4078,1382,5460,-797,0,False
71608V603756,Bygdøy alle,KV10967 S1D1 m1314,2024-03-31 22:00:00,2024-04-30 22:00:00,2024,3,6587,6372,6802,93.3,30,28,2,370,94.4,Totalt i retning Skøyen,5451,766,226,103,40,398,392,6,22,2024-03-31,22:00:00,2024-04-30,22:00:00,Sunday,5451,1931,7382,-795,0,False
71608V603756,Bygdøy alle,KV10967 S1D1 m1314,2024-03-31 22:00:00,2024-04-30 22:00:00,2024,3,11251,10803,11699,93.3,30,28,2,427,96.2,Totalt,9529,1296,360,165,50,721,713,8,22,2024-03-31,22:00:00,2024-04-30,22:00:00,Sunday,9529,3313,12842,-1591,0,True
