Traffic_registration_point,Name,Road_reference,From,To,From_Date,From_Time,To_Date,To_Time,Year,Month,Day_of_Week,Vehicle_Type,Count
73840V2041694,Østre Tangent,RV162 S1D1 m2015,2020-01-31 23:00:00,2020-02-29 23:00:00,2020-01-31,23:00:00,2020-02-29,23:00:00,2020,1,Friday,Light_Vehicles,8269
73840V2041694,Østre Tangent,RV162 S1D1 m2015,2020-01-31 23:00:00,2020-02-29 23:00:00,2020-01-31,23:00:00,2020-02-29,23:00:00,2020,1,Friday,Light_Vehicles,7339
73840V2041694,Østre Tangent,RV162 S1D1 m2015,2020-01-31 23:00:00,2020-02-29 23:00:00,2020-01-31,23:00:00,2020-02-29,23:00:00,2020,1,Friday,Light_Vehicles,7340
73840V2041694,Østre Tangent,RV162 S1D1 m2015,2020-01-31 23:00:00,2020-02-29 23:00:00,2020-01-31,23:00:00,2020-02-29,23:00:00,2020,1,Friday,Light_Vehicles,8268
73840V2041694,Østre Tangent,RV162 S1D1 m2015,2020-01-31 23:00:00,2020-02-29 23:00:00,2020-01-31,23:00:00,2020-02-29,23:00:00,2020,1,Friday,Light_Vehicles,15608
73840V2041694,Østre Tangent,RV162 S1D1 m2015,2020-02-29 23:00:00,2020-03-31 22:00:00,2020-02-29,23:00:00,2020-03-31,22:00:00,2020,2,Saturday,Light_Vehicles,6259
73840V2041694,Østre Tangent,RV162 S1D1 m2015,2020-02-29 23:00:00,2020-03-31 22:00:00,2020-02-29,23:00:00,2020-03-31,22:00:00,2020,2,Saturday,Light_Vehicles,5538
73840V2041694,Østre Tangent,RV162 S1D1 m2015,2020-02-29 23:00:00,2020-03-31 22:00:00,2020-02-29,23:00:00,2020-03-31,22:00:00,2020,2,Saturday,Light_Vehicles,5539
73840V2041694,Østre Tangent,RV162 S1D1 m2015,2020-02-29 23:00:00,2020-03-31 22:00:00,2020-02-29,23:00:00,2020-03-31,22:00:00,2020,2,Saturday,Light_Vehicles,6258
73840V2041694,Østre Tangent,RV162 S1D1 m2015,2020-02-29 23:00:00,2020-03-31 22:00:00,2020-02-29,23:00:00,2020-03-31,22:00:00,2020,2,Saturday,Light_Vehicles,11797
73840V2041694,Østre Tangent,RV162 S1D1 m2015,2020-03-31 22:00:00,2020-04-30 22:00:00,2020-03-31,22:00:00,2020-04-30,22:00:00,2020,3,Tuesday,Light_Vehicles,6572
73840V2041694,Østre Tangent,RV162 S1D1 m2015,2020-03-31 22:00:00,2020-04-30 22:00:00,2020-03-31,22:00:00,2020-04-30,22:00:00,2020,3,Tuesday,Light_Vehicles,5260
73840V2041694,Østre Tangent,RV162 S1D1 m2015,2020-03-31 22:00:00,2020-04-30 22:00:00,2020-03-31,22:00:00,2020-04-30,22:00:00,2020,3,Tuesday,Light_Vehicles,5261
73840V2041694,Østre Tangent,RV162 S1D1 m2015,2020-03-31 22:00:00,2020-04-30 22:00:00,2020-03-31,22:00:00,2020-04-30,22:00:00,2020,3,Tuesday,Light_Vehicles,6571
73840V2041694,Østre Tangent,RV162 S1D1 m2015,2020-03-31 22:00:00,2020-04-30 22:00:00,2020-03-31,22:00:00,2020-04-30,22:00:00,2020,3,Tuesday,Light_Vehicles,11832
73840V2041694,Østre Tangent,RV162 S1D1 m2015,2020-04-30 22:00:00,2020-05-31 22:00:00,2020-04-30,22:00:00,2020-05-31,22:00:00,2020,4,Thursday,Light_Vehicles,7431
73840V2041694,Østre Tangent,RV162 S1D1 m2015,2020-04-30 22:00:00,2020-05-31 22:00:00,2020-04-30,22:00:00,2020-05-31,22:00:00,2020,4,Thursday,Light_Vehicles,6309
73840V2041694,Østre Tangent,RV162 S1D1 m2015,2020-04-30 22:00:00,2020-05-31 22:00:00,2020-04-30,22:00:00,2020-05-31,22:00:00,2020,4,Thursday,Light_Vehicles,6310
73840V2041694,Østre Tangent,RV162 S1D1 m2015,2020-04-30 22:00:00,2020-05-31 22:00:00,2020-04-30,22:00:00,2020-05-31,22:00:00,2020,4,Thursday,Light_Vehicles,7431
73840V2041694,Østre Tangent,RV162 S1D1 m2015,2020-04-30 22:00:00,2020-05-31 22:00:00,2020-04-30,22:00:00,2020-05-31,22:00:00,2020,4,Thursday,Light_Vehicles,13741
73840V2041694,Østre Tangent,RV162 S1D1 m2015,2020-05-31 22:00:00,2020-06-30 22:00:00,2020-05-31,22:00:00,2020-06-30,22:00:00,2020,5,Sunday,Light_Vehicles,8392
73840V2041694,Østre Tangent,RV162 S1D1 m2015,2020-05-31 22:00:00,2020-06-30 22:00:00,2020-05-31,22:00:00,2020-06-30,22:00:00,2020,5,Sunday,Light_Vehicles,7364
73840V2041694,Østre Tangent,RV162 S1D1 m2015,2020-05-31 22:00:00,2020-06-30 22:00:00,2020-05-31,22:00:00,2020-06-30,22:00:00,2020,5,Sunday,Light_Vehicles,7365
73840V2041694,Østre Tangent,RV162 S1D1 m2015,2020-05-31 22:00:00,2020-06-30 22:00:00,2020-05-31,22:00:00,2020-06-30,22:00:00,2020,5,Sunday,Light_Vehicles,8391
73840V2041694,Østre Tangent,RV162 S1D1 m2015,2020-05-31 22:00:00,2020-06-30 22:00:00,2020-05-31,22:00:00,2020-06-30,22:00:00,2020,5,Sunday,Light_Vehicles,15756
73840V2041694,Østre Tangent,RV162 S1D1 m2015,2020-06-30 22:00:00,2020-07-31 22:00:00,2020-06-30,22:00:00,2020-07-31,22:00:00,2020,6,Tuesday,Light_Vehicles,7148
73840V2041694,Østre Tangent,RV162 S1D1 m2015,2020-06-30 22:00:00,2020-07-31 22:00:00,2020-06-30,22:00:00,2020-07-31,22:00:00,2020,6,Tuesday,Light_Vehicles,6524
73840V2041694,Østre Tangent,RV162 S1D1 m2015,2020-06-30 22:00:00,2020-07-31 22:00:00,2020-06-30,22:00:00,2020-07-31,22:00:00,2020,6,Tuesday,Light_Vehicles,6525
73840V2041694,Østre Tangent,RV162 S1D1 m2015,2020-06-30 22:00:00,2020-07-31 22:00:00,2020-06-30,22:00:00,2020-07-31,22:00:00,2020,6,Tuesday,Light_Vehicles,7147
73840V2041694,Østre Tangent,RV162 S1D1 m2015,2020-06-30 22:00:00,2020-07-31 22:00:00,2020-06-30,22:00:00,2020-07-31,22:00:00,2020,6,Tuesday,Light_Vehicles,13672
73840V2041694,Østre Tangent,RV162 S1D1 m2015,2020-07-31 22:00:00,2020-08-31 22:00:00,2020-07-31,22:00:00,2020-08-31,22:00:00,2020,7,Friday,Light_Vehicles,8144
73840V2041694,Østre Tangent,RV162 S1D1 m2015,2020-07-31 22:00:00,2020-08-31 22:00:00,2020-07-31,22:00:00,2020-08-31,22:00:00,2020,7,Friday,Light_Vehicles,7169
73840V2041694,Østre Tangent,RV162 S1D1 m2015,2020-07-31 22:00:00,2020-08-31 22:00:00,2020-07-31,22:00:00,2020-08-31,22:00:00,2020,7,Friday,Light_Vehicles,7171
73840V2041694,Østre Tangent,RV162 S1D1 m2015,2020-07-31 22:00:00,2020-08-31 22:00:00,2020-07-31,22:00:00,2020-08-31,22:00:00,2020,7,Friday,Light_Vehicles,8142
73840V2041694,Østre Tangent,RV162 S1D1 m2015,2020-07-31 22:00:00,2020-08-31 22:00:00,2020-07-31,22:00:00,2020-08-31,22:00:00,2020,7,Friday,Light_Vehicles,15313
73840V2041694,Østre Tangent,RV162 S1D1 m2015,2020-08-31 22:00:00,2020-09-30 22:00:00,2020-08-31,22:00:00,2020-09-30,22:00:00,2020,8,Monday,Light_Vehicles,8457
73840V2041694,Østre Tangent,RV162 S1D1 m2015,2020-08-31 22:00:00,2020-09-30 22:00:00,2020-08-31,22:00:00,2020-09-30,22:00:00,2020,8,Monday,Light_Vehicles,7463
73840V2041694,Østre Tangent,RV162 S1D1 m2015,2020-08-31 22:00:00,2020-09-30 22:00:00,2020-08-31,22:00:00,2020-09-30,22:00:00,2020,8,Monday,Light_Vehicles,7464
73840V2041694,Østre Tangent,RV162 S1D1 m2015,2020-08-31 22:00:00,2020-09-30 22:00:00,2020-08-31,22:00:00,2020-09-30,22:00:00,2020,8,Monday,Light_Vehicles,8456
73840V2041694,Østre Tangent,RV162 S1D1 m2015,2020-08-31 22:00:00,2020-09-30 22:00:00,2020-08-31,22:00:00,2020-09-30,22:00:00,2020,8,Monday,Light_Vehicles,15920
73840V2041694,Østre Tangent,RV162 S1D1 m2015,2020-09-30 22:00:00,2020-10-31 23:00:00,2020-09-30,22:00:00,2020-10-31,23:00:00,2020,9,Wednesday,Light_Vehicles,8473
73840V2041694,Østre Tangent,RV162 S1D1 m2015,2020-09-30 22:00:00,2020-10-31 23:00:00,2020-09-30,22:00:00,2020-10-31,23:00:00,2020,9,Wednesday,Light_Vehicles,7230
73840V2041694,Østre Tangent,RV162 S1D1 m2015,2020-09-30 22:00:00,2020-10-31 23:00:00,2020-09-30,22:00:00,2020-10-31,23:00:00,2020,9,Wednesday,Light_Vehicles,7231
73840V2041694,Østre Tangent,RV162 S1D1 m2015,2020-09-30 22:00:00,2020-10-31 23:00:00,2020-09-30,22:00:00,2020-10-31,23:00:00,2020,9,Wednesday,Light_Vehicles,8473
73840V2041694,Østre Tangent,RV162 S1D1 m2015,2020-09-30 22:00:00,2020-10-31 23:00:00,2020-09-30,22:00:00,2020-10-31,23:00:00,2020,9,Wednesday,Light_Vehicles,15703
73840V2041694,Østre Tangent,RV162 S1D1 m2015,2020-10-31 23:00:00,2020-11-30 23:00:00,2020-10-31,23:00:00,2020-11-30,23:00:00,2020,10,Saturday,Light_Vehicles,7496
73840V2041694,Østre Tangent,RV162 S1D1 m2015,2020-10-31 23:00:00,2020-11-30 23:00:00,2020-10-31,23:00:00,2020-11-30,23:00:00,2020,10,Saturday,Light_Vehicles,6391
73840V2041694,Østre Tangent,RV162 S1D1 m2015,2020-10-31 23:00:00,2020-11-30 23:00:00,2020-10-31,23:00:00,2020-11-30,23:00:00,2020,10,Saturday,Light_Vehicles,6391
73840V2041694,Østre Tangent,RV162 S1D1 m2015,2020-10-31 23:00:00,2020-11-30 23:00:00,2020-10-31,23:00:00,2020-11-30,23:00:00,2020,10,Saturday,Light_Vehicles,7496
73840V2041694,Østre Tangent,RV162 S1D1 m2015,2020-10-31 23:00:00,2020-11-30 23:00:00,2020-10-31,23:00:00,2020-11-30,23:00:00,2020,10,Saturday,Light_Vehicles,13887
73840V2041694,Østre Tangent,RV162 S1D1 m2015,2020-11-30 23:00:00,2020-12-31 23:00:00,2020-11-30,23:00:00,2020-12-31,23:00:00,2020,11,Monday,Light_Vehicles,7250
73840V2041694,Østre Tangent,RV162 S1D1 m2015,2020-11-30 23:00:00,2020-12-31 23:00:00,2020-11-30,23:00:00,2020-12-31,23:00:00,2020,11,Monday,Light_Vehicles,6186
73840V2041694,Østre Tangent,RV162 S1D1 m2015,2020-11-30 23:00:00,2020-12-31 23:00:00,2020-11-30,23:00:00,2020-12-31,23:00:00,2020,11,Monday,Light_Vehicles,6187
73840V2041694,Østre Tangent,RV162 S1D1 m2015,2020-11-30 23:00:00,2020-12-31 23:00:00,2020-11-30,23:00:00,2020-12-31,23:00:00,2020,11,Monday,Light_Vehicles,7249
73840V2041694,Østre Tangent,RV162 S1D1 m2015,2020-11-30 23:00:00,2020-12-31 23:00:00,2020-11-30,23:00:00,2020-12-31,23:00:00,2020,11,Monday,Light_Vehicles,13435
73840V2041694,Østre Tangent,RV162 S1D1 m2015,2020-12-31 23:00:00,2021-01-31 23:00:00,2020-12-31,23:00:00,2021-01-31,23:00:00,2020,12,Thursday,Light_Vehicles,6367
73840V2041694,Østre Tangent,RV162 S1D1 m2015,2020-12-31 23:00:00,2021-01-31 23:00:00,2020-12-31,23:00:00,2021-01-31,23:00:00,2020,12,Thursday,Light_Vehicles,5704
73840V2041694,Østre Tangent,RV162 S1D1 m2015,2020-12-31 23:00:00,2021-01-31 23:00:00,2020-12-31,23:00:00,2021-01-31,23:00:00,2020,12,Thursday,Light_Vehicles,5704
73840V2041694,Østre Tangent,RV162 S1D1 m2015,2020-12-31 23:00:00,2021-01-31 23:00:00,2020-12-31,23:00:00,2021-01-31,23:00:00,2020,12,Thursday,Light_Vehicles,6367
73840V2041694,Østre Tangent,RV162 S1D1 m2015,2020-12-31 23:00:00,2021-01-31 23:00:00,2020-12-31,23:00:00,2021-01-31,23:00:00,2020,12,Thursday,Light_Vehicles,12071
73840V2041694,Østre Tangent,RV162 S1D1 m2015,2021-01-31 23:00:00,2021-02-28 23:00:00,2021-01-31,23:00:00,2021-02-28,23:00:00,2021,1,Sunday,Light_Vehicles,6943
73840V2041694,Østre Tangent,RV162 S1D1 m2015,2021-01-31 23:00:00,2021-02-28 23:00:00,2021-01-31,23:00:00,2021-02-28,23:00:00,2021,1,Sunday,Light_Vehicles,6297
73840V2041694,Østre Tangent,RV162 S1D1 m2015,2021-01-31 23:00:00,2021-02-28 23:00:00,2021-01-31,23:00:00,2021-02-28,23:00:00,2021,1,Sunday,Light_Vehicles,6298
73840V2041694,Østre Tangent,RV162 S1D1 m2015,2021-01-31 23:00:00,2021-02-28 23:00:00,2021-01-31,23:00:00,2021-02-28,23:00:00,2021,1,Sunday,Light_Vehicles,6942
73840V2041694,Østre Tangent,RV162 S1D1 m2015,2021-01-31 23:00:00,2021-02-28 23:00:00,2021-01-31,23:00:00,2021-02-28,23:00:00,2021,1,Sunday,Light_Vehicles,13240
73840V2041694,Østre Tangent,RV162 S1D1 m2015,2021-02-28 23:00:00,2021-03-31 22:00:00,2021-02-28,23:00:00,2021-03-31,22:00:00,2021,2,Sunday,Light_Vehicles,6661
73840V2041694,Østre Tangent,RV162 S1D1 m2015,2021-02-28 23:00:00,2021-03-31 22:00:00,2021-02-28,23:00:00,2021-03-31,22:00:00,2021,2,Sunday,Light_Vehicles,6090
73840V2041694,Østre Tangent,RV162 S1D1 m2015,2021-02-28 23:00:00,2021-03-31 22:00:00,2021-02-28,23:00:00,2021-03-31,22:00:00,2021,2,Sunday,Light_Vehicles,6090
73840V2041694,Østre Tangent,RV162 S1D1 m2015,2021-02-28 23:00:00,2021-03-31 22:00:00,2021-02-28,23:00:00,2021-03-31,22:00:00,2021,2,Sunday,Light_Vehicles,6661
73840V2041694,Østre Tangent,RV162 S1D1 m2015,2021-02-28 23:00:00,2021-03-31 22:00:00,2021-02-28,23:00:00,2021-03-31,22:00:00,2021,2,Sunday,Light_Vehicles,12751
73840V2041694,Østre Tangent,RV162 S1D1 m2015,2021-03-31 22:00:00,2021-04-30 22:00:00,2021-03-31,22:00:00,2021-04-30,22:00:00,2021,3,Wednesday,Light_Vehicles,6776
73840V2041694,Østre Tangent,RV162 S1D1 m2015,2021-03-31 22:00:00,2021-04-30 22:00:00,2021-03-31,22:00:00,2021-04-30,22:00:00,2021,3,Wednesday,Light_Vehicles,5646
73840V2041694,Østre Tangent,RV162 S1D1 m2015,2021-03-31 22:00:00,2021-04-30 22:00:00,2021-03-31,22:00:00,2021-04-30,22:00:00,2021,3,Wednesday,Light_Vehicles,5647
73840V2041694,Østre Tangent,RV162 S1D1 m2015,2021-03-31 22:00:00,2021-04-30 22:00:00,2021-03-31,22:00:00,2021-04-30,22:00:00,2021,3,Wednesday,Light_Vehicles,6775
73840V2041694,Østre Tangent,RV162 S1D1 m2015,2021-03-31 22:00:00,2021-04-30 22:00:00,2021-03-31,22:00:00,2021-04-30,22:00:00,2021,3,Wednesday,Light_Vehicles,12422
73840V2041694,Østre Tangent,RV162 S1D1 m2015,2021-04-30 22:00:00,2021-05-31 22:00:00,2021-04-30,22:00:00,2021-05-31,22:00:00,2021,4,Friday,Light_Vehicles,7090
73840V2041694,Østre Tangent,RV162 S1D1 m2015,2021-04-30 22:00:00,2021-05-31 22:00:00,2021-04-30,22:00:00,2021-05-31,22:00:00,2021,4,Friday,Light_Vehicles,5721
73840V2041694,Østre Tangent,RV162 S1D1 m2015,2021-04-30 22:00:00,2021-05-31 22:00:00,2021-04-30,22:00:00,2021-05-31,22:00:00,2021,4,Friday,Light_Vehicles,5722
73840V2041694,Østre Tangent,RV162 S1D1 m2015,2021-04-30 22:00:00,2021-05-31 22:00:00,2021-04-30,22:00:00,2021-05-31,22:00:00,2021,4,Friday,Light_Vehicles,7089
73840V2041694,Østre Tangent,RV162 S1D1 m2015,2021-04-30 22:00:00,2021-05-31 22:00:00,2021-04-30,22:00:00,2021-05-31,22:00:00,2021,4,Friday,Light_Vehicles,12811
73840V2041694,Østre Tangent,RV162 S1D1 m2015,2021-05-31 22:00:00,2021-06-30 22:00:00,2021-05-31,22:00:00,2021-06-30,22:00:00,2021,5,Monday,Light_Vehicles,7958
73840V2041694,Østre Tangent,RV162 S1D1 m2015,2021-05-31 22:00:00,2021-06-30 22:00:00,2021-05-31,22:00:00,2021-06-30,22:00:00,2021,5,Monday,Light_Vehicles,7011
73840V2041694,Østre Tangent,RV162 S1D1 m2015,2021-05-31 22:00:00,2021-06-30 22:00:00,2021-05-31,22:00:00,2021-06-30,22:00:00,2021,5,Monday,Light_Vehicles,7013
73840V2041694,Østre Tangent,RV162 S1D1 m2015,2021-05-31 22:00:00,2021-06-30 22:00:00,2021-05-31,22:00:00,2021-06-30,22:00:00,2021,5,Monday,Light_Vehicles,7957
73840V2041694,Østre Tangent,RV162 S1D1 m2015,2021-05-31 22:00:00,2021-06-30 22:00:00,2021-05-31,22:00:00,2021-06-30,22:00:00,2021,5,Monday,Light_Vehicles,14970
73840V2041694,Østre Tangent,RV162 S1D1 m2015,2021-06-30 22:00:00,2021-07-31 22:00:00,2021-06-30,22:00:00,2021-07-31,22:00:00,2021,6,Wednesday,Light_Vehicles,7006
73840V2041694,Østre Tangent,RV162 S1D1 m2015,2021-06-30 22:00:00,2021-07-31 22:00:00,2021-06-30,22:00:00,2021-07-31,22:00:00,2021,6,Wednesday,Light_Vehicles,6872
73840V2041694,Østre Tangent,RV162 S1D1 m2015,2021-06-30 22:00:00,2021-07-31 22:00:00,2021-06-30,22:00:00,2021-07-31,22:00:00,2021,6,Wednesday,Light_Vehicles,6873
73840V2041694,Østre Tangent,RV162 S1D1 m2015,2021-06-30 22:00:00,2021-07-31 22:00:00,2021-06-30,22:00:00,2021-07-31,22:00:00,2021,6,Wednesday,Light_Vehicles,7005
73840V2041694,Østre Tangent,RV162 S1D1 m2015,2021-06-30 22:00:00,2021-07-31 22:00:00,2021-06-30,22:00:00,2021-07-31,22:00:00,2021,6,Wednesday,Light_Vehicles,13878
73840V2041694,Østre Tangent,RV162 S1D1 m2015,2021-07-31 22:00:00,2021-08-31 22:00:00,2021-07-31,22:00:00,2021-08-31,22:00:00,2021,7,Saturday,Light_Vehicles,8011
73840V2041694,Østre Tangent,RV162 S1D1 m2015,2021-07-31 22:00:00,2021-08-31 22:00:00,2021-07-31,22:00:00,2021-08-31,22:00:00,2021,7,Saturday,Light_Vehicles,7422
73840V2041694,Østre Tangent,RV162 S1D1 m2015,2021-07-31 22:00:00,2021-08-31 22:00:00,2021-07-31,22:00:00,2021-08-31,22:00:00,2021,7,Saturday,Light_Vehicles,7423
73840V2041694,Østre Tangent,RV162 S1D1 m2015,2021-07-31 22:00:00,2021-08-31 22:00:00,2021-07-31,22:00:00,2021-08-31,22:00:00,2021,7,Saturday,Light_Vehicles,8010
73840V2041694,Østre Tangent,RV162 S1D1 m2015,2021-07-31 22:00:00,2021-08-31 22:00:00,2021-07-31,22:00:00,2021-08-31,22:00:00,2021,7,Saturday,Light_Vehicles,15434
73840V2041694,Østre Tangent,RV162 S1D1 m2015,2021-08-31 22:00:00,2021-09-30 22:00:00,2021-08-31,22:00:00,2021-09-30,22:00:00,2021,8,Tuesday,Light_Vehicles,7987
73840V2041694,Østre Tangent,RV162 S1D1 m2015,2021-08-31 22:00:00,2021-09-30 22:00:00,2021-08-31,22:00:00,2021-09-30,22:00:00,2021,8,Tuesday,Light_Vehicles,6941
73840V2041694,Østre Tangent,RV162 S1D1 m2015,2021-08-31 22:00:00,2021-09-30 22:00:00,2021-08-31,22:00:00,2021-09-30,22:00:00,2021,8,Tuesday,Light_Vehicles,6941
73840V2041694,Østre Tangent,RV162 S1D1 m2015,2021-08-31 22:00:00,2021-09-30 22:00:00,2021-08-31,22:00:00,2021-09-30,22:00:00,2021,8,Tuesday,Light_Vehicles,7986
73840V2041694,Østre Tangent,RV162 S1D1 m2015,2021-08-31 22:00:00,2021-09-30 22:00:00,2021-08-31,22:00:00,2021-09-30,22:00:00,2021,8,Tuesday,Light_Vehicles,14927
73840V2041694,Østre Tangent,RV162 S1D1 m2015,2021-09-30 22:00:00,2021-10-31 23:00:00,2021-09-30,22:00:00,2021-10-31,23:00:00,2021,9,Thursday,Light_Vehicles,7879
73840V2041694,Østre Tangent,RV162 S1D1 m2015,2021-09-30 22:00:00,2021-10-31 23:00:00,2021-09-30,22:00:00,2021-10-31,23:00:00,2021,9,Thursday,Light_Vehicles,6922
73840V2041694,Østre Tangent,RV162 S1D1 m2015,2021-09-30 22:00:00,2021-10-31 23:00:00,2021-09-30,22:00:00,2021-10-31,23:00:00,2021,9,Thursday,Light_Vehicles,6922
73840V2041694,Østre Tangent,RV162 S1D1 m2015,2021-09-30 22:00:00,2021-10-31 23:00:00,2021-09-30,22:00:00,2021-10-31,23:00:00,2021,9,Thursday,Light_Vehicles,7879
73840V2041694,Østre Tangent,RV162 S1D1 m2015,2021-09-30 22:00:00,2021-10-31 23:00:00,2021-09-30,22:00:00,2021-10-31,23:00:00,2021,9,Thursday,Light_Vehicles,14801
73840V2041694,Østre Tangent,RV162 S1D1 m2015,2021-10-31 23:00:00,2021-11-30 23:00:00,2021-10-31,23:00:00,2021-11-30,23:00:00,2021,10,Sunday,Light_Vehicles,7568
73840V2041694,Østre Tangent,RV162 S1D1 m2015,2021-10-31 23:00:00,2021-11-30 23:00:00,2021-10-31,23:00:00,2021-11-30,23:00:00,2021,10,Sunday,Light_Vehicles,7159
73840V2041694,Østre Tangent,RV162 S1D1 m2015,2021-10-31 23:00:00,2021-11-30 23:00:00,2021-10-31,23:00:00,2021-11-30,23:00:00,2021,10,Sunday,Light_Vehicles,7160
73840V2041694,Østre Tangent,RV162 S1D1 m2015,2021-10-31 23:00:00,2021-11-30 23:00:00,2021-10-31,23:00:00,2021-11-30,23:00:00,2021,10,Sunday,Light_Vehicles,7567
73840V2041694,Østre Tangent,RV162 S1D1 m2015,2021-10-31 23:00:00,2021-11-30 23:00:00,2021-10-31,23:00:00,2021-11-30,23:00:00,2021,10,Sunday,Light_Vehicles,14727
73840V2041694,Østre Tangent,RV162 S1D1 m2015,2021-11-30 23:00:00,2021-12-31 23:00:00,2021-11-30,23:00:00,2021-12-31,23:00:00,2021,11,Tuesday,Light_Vehicles,6867
73840V2041694,Østre Tangent,RV162 S1D1 m2015,2021-11-30 23:00:00,2021-12-31 23:00:00,2021-11-30,23:00:00,2021-12-31,23:00:00,2021,11,Tuesday,Light_Vehicles,6384
73840V2041694,Østre Tangent,RV162 S1D1 m2015,2021-11-30 23:00:00,2021-12-31 23:00:00,2021-11-30,23:00:00,2021-12-31,23:00:00,2021,11,Tuesday,Light_Vehicles,6385
73840V2041694,Østre Tangent,RV162 S1D1 m2015,2021-11-30 23:00:00,2021-12-31 23:00:00,2021-11-30,23:00:00,2021-12-31,23:00:00,2021,11,Tuesday,Light_Vehicles,6866
73840V2041694,Østre Tangent,RV162 S1D1 m2015,2021-11-30 23:00:00,2021-12-31 23:00:00,2021-11-30,23:00:00,2021-12-31,23:00:00,2021,11,Tuesday,Light_Vehicles,13251
73840V2041694,Østre Tangent,RV162 S1D1 m2015,2021-12-31 23:00:00,2022-01-31 23:00:00,2021-12-31,23:00:00,2022-01-31,23:00:00,2021,12,Friday,Light_Vehicles,6698
73840V2041694,Østre Tangent,RV162 S1D1 m2015,2021-12-31 23:00:00,2022-01-31 23:00:00,2021-12-31,23:00:00,2022-01-31,23:00:00,2021,12,Friday,Light_Vehicles,6001
73840V2041694,Østre Tangent,RV162 S1D1 m2015,2021-12-31 23:00:00,2022-01-31 23:00:00,2021-12-31,23:00:00,2022-01-31,23:00:00,2021,12,Friday,Light_Vehicles,6002
73840V2041694,Østre Tangent,RV162 S1D1 m2015,2021-12-31 23:00:00,2022-01-31 23:00:00,2021-12-31,23:00:00,2022-01-31,23:00:00,2021,12,Friday,Light_Vehicles,6698
73840V2041694,Østre Tangent,RV162 S1D1 m2015,2021-12-31 23:00:00,2022-01-31 23:00:00,2021-12-31,23:00:00,2022-01-31,23:00:00,2021,12,Friday,Light_Vehicles,12700
73840V2041694,Østre Tangent,RV162 S1D1 m2015,2022-01-31 23:00:00,2022-02-28 23:00:00,2022-01-31,23:00:00,2022-02-28,23:00:00,2022,1,Monday,Light_Vehicles,7209
73840V2041694,Østre Tangent,RV162 S1D1 m2015,2022-01-31 23:00:00,2022-02-28 23:00:00,2022-01-31,23:00:00,2022-02-28,23:00:00,2022,1,Monday,Light_Vehicles,6738
73840V2041694,Østre Tangent,RV162 S1D1 m2015,2022-01-31 23:00:00,2022-02-28 23:00:00,2022-01-31,23:00:00,2022-02-28,23:00:00,2022,1,Monday,Light_Vehicles,6738
73840V2041694,Østre Tangent,RV162 S1D1 m2015,2022-01-31 23:00:00,2022-02-28 23:00:00,2022-01-31,23:00:00,2022-02-28,23:00:00,2022,1,Monday,Light_Vehicles,7209
73840V2041694,Østre Tangent,RV162 S1D1 m2015,2022-01-31 23:00:00,2022-02-28 23:00:00,2022-01-31,23:00:00,2022-02-28,23:00:00,2022,1,Monday,Light_Vehicles,13947
73840V2041694,Østre Tangent,RV162 S1D1 m2015,2022-02-28 23:00:00,2022-03-31 22:00:00,2022-02-28,23:00:00,2022-03-31,22:00:00,2022,2,Monday,Light_Vehicles,7457
73840V2041694,Østre Tangent,RV162 S1D1 m2015,2022-02-28 23:00:00,2022-03-31 22:00:00,2022-02-28,23:00:00,2022-03-31,22:00:00,2022,2,Monday,Light_Vehicles,7334
73840V2041694,Østre Tangent,RV162 S1D1 m2015,2022-02-28 23:00:00,2022-03-31 22:00:00,2022-02-28,23:00:00,2022-03-31,22:00:00,2022,2,Monday,Light_Vehicles,7335
73840V2041694,Østre Tangent,RV162 S1D1 m2015,2022-02-28 23:00:00,2022-03-31 22:00:00,2022-02-28,23:00:00,2022-03-31,22:00:00,2022,2,Monday,Light_Vehicles,7457
73840V2041694,Østre Tangent,RV162 S1D1 m2015,2022-02-28 23:00:00,2022-03-31 22:00:00,2022-02-28,23:00:00,2022-03-31,22:00:00,2022,2,Monday,Light_Vehicles,14791
73840V2041694,Østre Tangent,RV162 S1D1 m2015,2022-03-31 22:00:00,2022-04-30 22:00:00,2022-03-31,22:00:00,2022-04-30,22:00:00,2022,3,Thursday,Light_Vehicles,7346
73840V2041694,Østre Tangent,RV162 S1D1 m2015,2022-03-31 22:00:00,2022-04-30 22:00:00,2022-03-31,22:00:00,2022-04-30,22:00:00,2022,3,Thursday,Light_Vehicles,6962
73840V2041694,Østre Tangent,RV162 S1D1 m2015,2022-03-31 22:00:00,2022-04-30 22:00:00,2022-03-31,22:00:00,2022-04-30,22:00:00,2022,3,Thursday,Light_Vehicles,6962
73840V2041694,Østre Tangent,RV162 S1D1 m2015,2022-03-31 22:00:00,2022-04-30 22:00:00,2022-03-31,22:00:00,2022-04-30,22:00:00,2022,3,Thursday,Light_Vehicles,7346
73840V2041694,Østre Tangent,RV162 S1D1 m2015,2022-03-31 22:00:00,2022-04-30 22:00:00,2022-03-31,22:00:00,2022-04-30,22:00:00,2022,3,Thursday,Light_Vehicles,14308
73840V2041694,Østre Tangent,RV162 S1D1 m2015,2022-04-30 22:00:00,2022-05-31 22:00:00,2022-04-30,22:00:00,2022-05-31,22:00:00,2022,4,Saturday,Light_Vehicles,7698
73840V2041694,Østre Tangent,RV162 S1D1 m2015,2022-04-30 22:00:00,2022-05-31 22:00:00,2022-04-30,22:00:00,2022-05-31,22:00:00,2022,4,Saturday,Light_Vehicles,7309
73840V2041694,Østre Tangent,RV162 S1D1 m2015,2022-04-30 22:00:00,2022-05-31 22:00:00,2022-04-30,22:00:00,2022-05-31,22:00:00,2022,4,Saturday,Light_Vehicles,7309
73840V2041694,Østre Tangent,RV162 S1D1 m2015,2022-04-30 22:00:00,2022-05-31 22:00:00,2022-04-30,22:00:00,2022-05-31,22:00:00,2022,4,Saturday,Light_Vehicles,7697
73840V2041694,Østre Tangent,RV162 S1D1 m2015,2022-04-30 22:00:00,2022-05-31 22:00:00,2022-04-30,22:00:00,2022-05-31,22:00:00,2022,4,Saturday,Light_Vehicles,15007
73840V2041694,Østre Tangent,RV162 S1D1 m2015,2022-05-31 22:00:00,2022-06-30 22:00:00,2022-05-31,22:00:00,2022-06-30,22:00:00,2022,5,Tuesday,Light_Vehicles,8047
73840V2041694,Østre Tangent,RV162 S1D1 m2015,2022-05-31 22:00:00,2022-06-30 22:00:00,2022-05-31,22:00:00,2022-06-30,22:00:00,2022,5,Tuesday,Light_Vehicles,7225
73840V2041694,Østre Tangent,RV162 S1D1 m2015,2022-05-31 22:00:00,2022-06-30 22:00:00,2022-05-31,22:00:00,2022-06-30,22:00:00,2022,5,Tuesday,Light_Vehicles,7226
73840V2041694,Østre Tangent,RV162 S1D1 m2015,2022-05-31 22:00:00,2022-06-30 22:00:00,2022-05-31,22:00:00,2022-06-30,22:00:00,2022,5,Tuesday,Light_Vehicles,8046
73840V2041694,Østre Tangent,RV162 S1D1 m2015,2022-05-31 22:00:00,2022-06-30 22:00:00,2022-05-31,22:00:00,2022-06-30,22:00:00,2022,5,Tuesday,Light_Vehicles,15272
73840V2041694,Østre Tangent,RV162 S1D1 m2015,2022-06-30 22:00:00,2022-07-31 22:00:00,2022-06-30,22:00:00,2022-07-31,22:00:00,2022,6,Thursday,Light_Vehicles,6755
73840V2041694,Østre Tangent,RV162 S1D1 m2015,2022-06-30 22:00:00,2022-07-31 22:00:00,2022-06-30,22:00:00,2022-07-31,22:00:00,2022,6,Thursday,Light_Vehicles,6200
73840V2041694,Østre Tangent,RV162 S1D1 m2015,2022-06-30 22:00:00,2022-07-31 22:00:00,2022-06-30,22:00:00,2022-07-31,22:00:00,2022,6,Thursday,Light_Vehicles,6200
73840V2041694,Østre Tangent,RV162 S1D1 m2015,2022-06-30 22:00:00,2022-07-31 22:00:00,2022-06-30,22:00:00,2022-07-31,22:00:00,2022,6,Thursday,Light_Vehicles,6754
73840V2041694,Østre Tangent,RV162 S1D1 m2015,2022-06-30 22:00:00,2022-07-31 22:00:00,2022-06-30,22:00:00,2022-07-31,22:00:00,2022,6,Thursday,Light_Vehicles,12954
73840V2041694,Østre Tangent,RV162 S1D1 m2015,2022-07-31 22:00:00,2022-08-31 22:00:00,2022-07-31,22:00:00,2022-08-31,22:00:00,2022,7,Sunday,Light_Vehicles,7502
73840V2041694,Østre Tangent,RV162 S1D1 m2015,2022-07-31 22:00:00,2022-08-31 22:00:00,2022-07-31,22:00:00,2022-08-31,22:00:00,2022,7,Sunday,Light_Vehicles,7046
73840V2041694,Østre Tangent,RV162 S1D1 m2015,2022-07-31 22:00:00,2022-08-31 22:00:00,2022-07-31,22:00:00,2022-08-31,22:00:00,2022,7,Sunday,Light_Vehicles,7048
73840V2041694,Østre Tangent,RV162 S1D1 m2015,2022-07-31 22:00:00,2022-08-31 22:00:00,2022-07-31,22:00:00,2022-08-31,22:00:00,2022,7,Sunday,Light_Vehicles,7500
73840V2041694,Østre Tangent,RV162 S1D1 m2015,2022-07-31 22:00:00,2022-08-31 22:00:00,2022-07-31,22:00:00,2022-08-31,22:00:00,2022,7,Sunday,Light_Vehicles,14548
73840V2041694,Østre Tangent,RV162 S1D1 m2015,2022-08-31 22:00:00,2022-09-30 22:00:00,2022-08-31,22:00:00,2022-09-30,22:00:00,2022,8,Wednesday,Light_Vehicles,7248
73840V2041694,Østre Tangent,RV162 S1D1 m2015,2022-08-31 22:00:00,2022-09-30 22:00:00,2022-08-31,22:00:00,2022-09-30,22:00:00,2022,8,Wednesday,Light_Vehicles,7036
73840V2041694,Østre Tangent,RV162 S1D1 m2015,2022-08-31 22:00:00,2022-09-30 22:00:00,2022-08-31,22:00:00,2022-09-30,22:00:00,2022,8,Wednesday,Light_Vehicles,7037
73840V2041694,Østre Tangent,RV162 S1D1 m2015,2022-08-31 22:00:00,2022-09-30 22:00:00,2022-08-31,22:00:00,2022-09-30,22:00:00,2022,8,Wednesday,Light_Vehicles,7247
73840V2041694,Østre Tangent,RV162 S1D1 m2015,2022-08-31 22:00:00,2022-09-30 22:00:00,2022-08-31,22:00:00,2022-09-30,22:00:00,2022,8,Wednesday,Light_Vehicles,14284
73840V2041694,Østre Tangent,RV162 S1D1 m2015,2022-09-30 22:00:00,2022-10-31 23:00:00,2022-09-30,22:00:00,2022-10-31,23:00:00,2022,9,Friday,Light_Vehicles,7049
73840V2041694,Østre Tangent,RV162 S1D1 m2015,2022-09-30 22:00:00,2022-10-31 23:00:00,2022-09-30,22:00:00,2022-10-31,23:00:00,2022,9,Friday,Light_Vehicles,6729
73840V2041694,Østre Tangent,RV162 S1D1 m2015,2022-09-30 22:00:00,2022-10-31 23:00:00,2022-09-30,22:00:00,2022-10-31,23:00:00,2022,9,Friday,Light_Vehicles,6729
73840V2041694,Østre Tangent,RV162 S1D1 m2015,2022-09-30 22:00:00,2022-10-31 23:00:00,2022-09-30,22:00:00,2022-10-31,23:00:00,2022,9,Friday,Light_Vehicles,7048
73840V2041694,Østre Tangent,RV162 S1D1 m2015,2022-09-30 22:00:00,2022-10-31 23:00:00,2022-09-30,22:00:00,2022-10-31,23:00:00,2022,9,Friday,Light_Vehicles,13777
73840V2041694,Østre Tangent,RV162 S1D1 m2015,2022-10-31 23:00:00,2022-11-30 23:00:00,2022-10-31,23:00:00,2022-11-30,23:00:00,2022,10,Monday,Light_Vehicles,7010
73840V2041694,Østre Tangent,RV162 S1D1 m2015,2022-10-31 23:00:00,2022-11-30 23:00:00,2022-10-31,23:00:00,2022-11-30,23:00:00,2022,10,Monday,Light_Vehicles,6719
73840V2041694,Østre Tangent,RV162 S1D1 m2015,2022-10-31 23:00:00,2022-11-30 23:00:00,2022-10-31,23:00:00,2022-11-30,23:00:00,2022,10,Monday,Light_Vehicles,6719
73840V2041694,Østre Tangent,RV162 S1D1 m2015,2022-10-31 23:00:00,2022-11-30 23:00:00,2022-10-31,23:00:00,2022-11-30,23:00:00,2022,10,Monday,Light_Vehicles,7011
73840V2041694,Østre Tangent,RV162 S1D1 m2015,2022-10-31 23:00:00,2022-11-30 23:00:00,2022-10-31,23:00:00,2022-11-30,23:00:00,2022,10,Monday,Light_Vehicles,13730
73840V2041694,Østre Tangent,RV162 S1D1 m2015,2022-11-30 23:00:00,2022-12-31 23:00:00,2022-11-30,23:00:00,2022-12-31,23:00:00,2022,11,Wednesday,Light_Vehicles,6753
73840V2041694,Østre Tangent,RV162 S1D1 m2015,2022-11-30 23:00:00,2022-12-31 23:00:00,2022-11-30,23:00:00,2022-12-31,23:00:00,2022,11,Wednesday,Light_Vehicles,6208
73840V2041694,Østre Tangent,RV162 S1D1 m2015,2022-11-30 23:00:00,2022-12-31 23:00:00,2022-11-30,23:00:00,2022-12-31,23:00:00,2022,11,Wednesday,Light_Vehicles,6208
73840V2041694,Østre Tangent,RV162 S1D1 m2015,2022-11-30 23:00:00,2022-12-31 23:00:00,2022-11-30,23:00:00,2022-12-31,23:00:00,2022,11,Wednesday,Light_Vehicles,6753
73840V2041694,Østre Tangent,RV162 S1D1 m2015,2022-11-30 23:00:00,2022-12-31 23:00:00,2022-11-30,23:00:00,2022-12-31,23:00:00,2022,11,Wednesday,Light_Vehicles,12961
73840V2041694,Østre Tangent,RV162 S1D1 m2015,2022-12-31 23:00:00,2023-01-31 23:00:00,2022-12-31,23:00:00,2023-01-31,23:00:00,2022,12,Saturday,Light_Vehicles,6385
73840V2041694,Østre Tangent,RV162 S1D1 m2015,2022-12-31 23:00:00,2023-01-31 23:00:00,2022-12-31,23:00:00,2023-01-31,23:00:00,2022,12,Saturday,Light_Vehicles,5899
73840V2041694,Østre Tangent,RV162 S1D1 m2015,2022-12-31 23:00:00,2023-01-31 23:00:00,2022-12-31,23:00:00,2023-01-31,23:00:00,2022,12,Saturday,Light_Vehicles,5899
73840V2041694,Østre Tangent,RV162 S1D1 m2015,2022-12-31 23:00:00,2023-01-31 23:00:00,2022-12-31,23:00:00,2023-01-31,23:00:00,2022,12,Saturday,Light_Vehicles,6385
73840V2041694,Østre Tangent,RV162 S1D1 m2015,2022-12-31 23:00:00,2023-01-31 23:00:00,2022-12-31,23:00:00,2023-01-31,23:00:00,2022,12,Saturday,Light_Vehicles,12284
73840V2041694,Østre Tangent,RV162 S1D1 m2015,2023-01-31 23:00:00,2023-02-28 23:00:00,2023-01-31,23:00:00,2023-02-28,23:00:00,2023,1,Tuesday,Light_Vehicles,6913
73840V2041694,Østre Tangent,RV162 S1D1 m2015,2023-01-31 23:00:00,2023-02-28 23:00:00,2023-01-31,23:00:00,2023-02-28,23:00:00,2023,1,Tuesday,Light_Vehicles,6407
73840V2041694,Østre Tangent,RV162 S1D1 m2015,2023-01-31 23:00:00,2023-02-28 23:00:00,2023-01-31,23:00:00,2023-02-28,23:00:00,2023,1,Tuesday,Light_Vehicles,6407
73840V2041694,Østre Tangent,RV162 S1D1 m2015,2023-01-31 23:00:00,2023-02-28 23:00:00,2023-01-31,23:00:00,2023-02-28,23:00:00,2023,1,Tuesday,Light_Vehicles,6913
73840V2041694,Østre Tangent,RV162 S1D1 m2015,2023-01-31 23:00:00,2023-02-28 23:00:00,2023-01-31,23:00:00,2023-02-28,23:00:00,2023,1,Tuesday,Light_Vehicles,13320
73840V2041694,Østre Tangent,RV162 S1D1 m2015,2023-02-28 23:00:00,2023-03-31 22:00:00,2023-02-28,23:00:00,2023-03-31,22:00:00,2023,2,Tuesday,Light_Vehicles,6519
73840V2041694,Østre Tangent,RV162 S1D1 m2015,2023-02-28 23:00:00,2023-03-31 22:00:00,2023-02-28,23:00:00,2023-03-31,22:00:00,2023,2,Tuesday,Light_Vehicles,6293
73840V2041694,Østre Tangent,RV162 S1D1 m2015,2023-02-28 23:00:00,2023-03-31 22:00:00,2023-02-28,23:00:00,2023-03-31,22:00:00,2023,2,Tuesday,Light_Vehicles,6293
73840V2041694,Østre Tangent,RV162 S1D1 m2015,2023-02-28 23:00:00,2023-03-31 22:00:00,2023-02-28,23:00:00,2023-03-31,22:00:00,2023,2,Tuesday,Light_Vehicles,6518
73840V2041694,Østre Tangent,RV162 S1D1 m2015,2023-02-28 23:00:00,2023-03-31 22:00:00,2023-02-28,23:00:00,2023-03-31,22:00:00,2023,2,Tuesday,Light_Vehicles,12811
73840V2041694,Østre Tangent,RV162 S1D1 m2015,2023-03-31 22:00:00,2023-04-30 22:00:00,2023-03-31,22:00:00,2023-04-30,22:00:00,2023,3,Friday,Light_Vehicles,6739
73840V2041694,Østre Tangent,RV162 S1D1 m2015,2023-03-31 22:00:00,2023-04-30 22:00:00,2023-03-31,22:00:00,2023-04-30,22:00:00,2023,3,Friday,Light_Vehicles,6406
73840V2041694,Østre Tangent,RV162 S1D1 m2015,2023-03-31 22:00:00,2023-04-30 22:00:00,2023-03-31,22:00:00,2023-04-30,22:00:00,2023,3,Friday,Light_Vehicles,6406
73840V2041694,Østre Tangent,RV162 S1D1 m2015,2023-03-31 22:00:00,2023-04-30 22:00:00,2023-03-31,22:00:00,2023-04-30,22:00:00,2023,3,Friday,Light_Vehicles,6738
73840V2041694,Østre Tangent,RV162 S1D1 m2015,2023-03-31 22:00:00,2023-04-30 22:00:00,2023-03-31,22:00:00,2023-04-30,22:00:00,2023,3,Friday,Light_Vehicles,13145
73840V2041694,Østre Tangent,RV162 S1D1 m2015,2023-04-30 22:00:00,2023-05-31 22:00:00,2023-04-30,22:00:00,2023-05-31,22:00:00,2023,4,Sunday,Light_Vehicles,7164
73840V2041694,Østre Tangent,RV162 S1D1 m2015,2023-04-30 22:00:00,2023-05-31 22:00:00,2023-04-30,22:00:00,2023-05-31,22:00:00,2023,4,Sunday,Light_Vehicles,6621
73840V2041694,Østre Tangent,RV162 S1D1 m2015,2023-04-30 22:00:00,2023-05-31 22:00:00,2023-04-30,22:00:00,2023-05-31,22:00:00,2023,4,Sunday,Light_Vehicles,6622
73840V2041694,Østre Tangent,RV162 S1D1 m2015,2023-04-30 22:00:00,2023-05-31 22:00:00,2023-04-30,22:00:00,2023-05-31,22:00:00,2023,4,Sunday,Light_Vehicles,7163
73840V2041694,Østre Tangent,RV162 S1D1 m2015,2023-04-30 22:00:00,2023-05-31 22:00:00,2023-04-30,22:00:00,2023-05-31,22:00:00,2023,4,Sunday,Light_Vehicles,13785
73840V2041694,Østre Tangent,RV162 S1D1 m2015,2023-05-31 22:00:00,2023-06-30 22:00:00,2023-05-31,22:00:00,2023-06-30,22:00:00,2023,5,Wednesday,Light_Vehicles,7575
73840V2041694,Østre Tangent,RV162 S1D1 m2015,2023-05-31 22:00:00,2023-06-30 22:00:00,2023-05-31,22:00:00,2023-06-30,22:00:00,2023,5,Wednesday,Light_Vehicles,7072
73840V2041694,Østre Tangent,RV162 S1D1 m2015,2023-05-31 22:00:00,2023-06-30 22:00:00,2023-05-31,22:00:00,2023-06-30,22:00:00,2023,5,Wednesday,Light_Vehicles,7072
73840V2041694,Østre Tangent,RV162 S1D1 m2015,2023-05-31 22:00:00,2023-06-30 22:00:00,2023-05-31,22:00:00,2023-06-30,22:00:00,2023,5,Wednesday,Light_Vehicles,7575
73840V2041694,Østre Tangent,RV162 S1D1 m2015,2023-05-31 22:00:00,2023-06-30 22:00:00,2023-05-31,22:00:00,2023-06-30,22:00:00,2023,5,Wednesday,Light_Vehicles,14647
73840V2041694,Østre Tangent,RV162 S1D1 m2015,2023-06-30 22:00:00,2023-07-31 22:00:00,2023-06-30,22:00:00,2023-07-31,22:00:00,2023,6,Friday,Light_Vehicles,6464
73840V2041694,Østre Tangent,RV162 S1D1 m2015,2023-06-30 22:00:00,2023-07-31 22:00:00,2023-06-30,22:00:00,2023-07-31,22:00:00,2023,6,Friday,Light_Vehicles,5805
73840V2041694,Østre Tangent,RV162 S1D1 m2015,2023-06-30 22:00:00,2023-07-31 22:00:00,2023-06-30,22:00:00,2023-07-31,22:00:00,2023,6,Friday,Light_Vehicles,5805
73840V2041694,Østre Tangent,RV162 S1D1 m2015,2023-06-30 22:00:00,2023-07-31 22:00:00,2023-06-30,22:00:00,2023-07-31,22:00:00,2023,6,Friday,Light_Vehicles,6464
73840V2041694,Østre Tangent,RV162 S1D1 m2015,2023-06-30 22:00:00,2023-07-31 22:00:00,2023-06-30,22:00:00,2023-07-31,22:00:00,2023,6,Friday,Light_Vehicles,12269
73840V2041694,Østre Tangent,RV162 S1D1 m2015,2023-07-31 22:00:00,2023-08-31 22:00:00,2023-07-31,22:00:00,2023-08-31,22:00:00,2023,7,Monday,Light_Vehicles,7230
73840V2041694,Østre Tangent,RV162 S1D1 m2015,2023-07-31 22:00:00,2023-08-31 22:00:00,2023-07-31,22:00:00,2023-08-31,22:00:00,2023,7,Monday,Light_Vehicles,6872
73840V2041694,Østre Tangent,RV162 S1D1 m2015,2023-07-31 22:00:00,2023-08-31 22:00:00,2023-07-31,22:00:00,2023-08-31,22:00:00,2023,7,Monday,Light_Vehicles,6873
73840V2041694,Østre Tangent,RV162 S1D1 m2015,2023-07-31 22:00:00,2023-08-31 22:00:00,2023-07-31,22:00:00,2023-08-31,22:00:00,2023,7,Monday,Light_Vehicles,7229
73840V2041694,Østre Tangent,RV162 S1D1 m2015,2023-07-31 22:00:00,2023-08-31 22:00:00,2023-07-31,22:00:00,2023-08-31,22:00:00,2023,7,Monday,Light_Vehicles,14102
73840V2041694,Østre Tangent,RV162 S1D1 m2015,2023-08-31 22:00:00,2023-09-30 22:00:00,2023-08-31,22:00:00,2023-09-30,22:00:00,2023,8,Thursday,Light_Vehicles,7419
73840V2041694,Østre Tangent,RV162 S1D1 m2015,2023-08-31 22:00:00,2023-09-30 22:00:00,2023-08-31,22:00:00,2023-09-30,22:00:00,2023,8,Thursday,Light_Vehicles,7024
73840V2041694,Østre Tangent,RV162 S1D1 m2015,2023-08-31 22:00:00,2023-09-30 22:00:00,2023-08-31,22:00:00,2023-09-30,22:00:00,2023,8,Thursday,Light_Vehicles,7025
73840V2041694,Østre Tangent,RV162 S1D1 m2015,2023-08-31 22:00:00,2023-09-30 22:00:00,2023-08-31,22:00:00,2023-09-30,22:00:00,2023,8,Thursday,Light_Vehicles,7419
73840V2041694,Østre Tangent,RV162 S1D1 m2015,2023-08-31 22:00:00,2023-09-30 22:00:00,2023-08-31,22:00:00,2023-09-30,22:00:00,2023,8,Thursday,Light_Vehicles,14443
73840V2041694,Østre Tangent,RV162 S1D1 m2015,2023-09-30 22:00:00,2023-10-31 23:00:00,2023-09-30,22:00:00,2023-10-31,23:00:00,2023,9,Saturday,Light_Vehicles,7095
73840V2041694,Østre Tangent,RV162 S1D1 m2015,2023-09-30 22:00:00,2023-10-31 23:00:00,2023-09-30,22:00:00,2023-10-31,23:00:00,2023,9,Saturday,Light_Vehicles,6802
73840V2041694,Østre Tangent,RV162 S1D1 m2015,2023-09-30 22:00:00,2023-10-31 23:00:00,2023-09-30,22:00:00,2023-10-31,23:00:00,2023,9,Saturday,Light_Vehicles,6804
73840V2041694,Østre Tangent,RV162 S1D1 m2015,2023-09-30 22:00:00,2023-10-31 23:00:00,2023-09-30,22:00:00,2023-10-31,23:00:00,2023,9,Saturday,Light_Vehicles,7094
73840V2041694,Østre Tangent,RV162 S1D1 m2015,2023-09-30 22:00:00,2023-10-31 23:00:00,2023-09-30,22:00:00,2023-10-31,23:00:00,2023,9,Saturday,Light_Vehicles,13898
73840V2041694,Østre Tangent,RV162 S1D1 m2015,2023-10-31 23:00:00,2023-11-30 23:00:00,2023-10-31,23:00:00,2023-11-30,23:00:00,2023,10,Tuesday,Light_Vehicles,7052
73840V2041694,Østre Tangent,RV162 S1D1 m2015,2023-10-31 23:00:00,2023-11-30 23:00:00,2023-10-31,23:00:00,2023-11-30,23:00:00,2023,10,Tuesday,Light_Vehicles,6862
73840V2041694,Østre Tangent,RV162 S1D1 m2015,2023-10-31 23:00:00,2023-11-30 23:00:00,2023-10-31,23:00:00,2023-11-30,23:00:00,2023,10,Tuesday,Light_Vehicles,6863
73840V2041694,Østre Tangent,RV162 S1D1 m2015,2023-10-31 23:00:00,2023-11-30 23:00:00,2023-10-31,23:00:00,2023-11-30,23:00:00,2023,10,Tuesday,Light_Vehicles,7051
73840V2041694,Østre Tangent,RV162 S1D1 m2015,2023-10-31 23:00:00,2023-11-30 23:00:00,2023-10-31,23:00:00,2023-11-30,23:00:00,2023,10,Tuesday,Light_Vehicles,13914
73840V2041694,Østre Tangent,RV162 S1D1 m2015,2023-11-30 23:00:00,2023-12-31 23:00:00,2023-11-30,23:00:00,2023-12-31,23:00:00,2023,11,Thursday,Light_Vehicles,6688
73840V2041694,Østre Tangent,RV162 S1D1 m2015,2023-11-30 23:00:00,2023-12-31 23:00:00,2023-11-30,23:00:00,2023-12-31,23:00:00,2023,11,Thursday,Light_Vehicles,6472
73840V2041694,Østre Tangent,RV162 S1D1 m2015,2023-11-30 23:00:00,2023-12-31 23:00:00,2023-11-30,23:00:00,2023-12-31,23:00:00,2023,11,Thursday,Light_Vehicles,6472
73840V2041694,Østre Tangent,RV162 S1D1 m2015,2023-11-30 23:00:00,2023-12-31 23:00:00,2023-11-30,23:00:00,2023-12-31,23:00:00,2023,11,Thursday,Light_Vehicles,6688
73840V2041694,Østre Tangent,RV162 S1D1 m2015,2023-11-30 23:00:00,2023-12-31 23:00:00,2023-11-30,23:00:00,2023-12-31,23:00:00,2023,11,Thursday,Light_Vehicles,13161
73840V2041694,Østre Tangent,RV162 S1D1 m2015,2023-12-31 23:00:00,2024-01-31 23:00:00,2023-12-31,23:00:00,2024-01-31,23:00:00,2023,12,Sunday,Light_Vehicles,6335
73840V2041694,Østre Tangent,RV162 S1D1 m2015,2023-12-31 23:00:00,2024-01-31 23:00:00,2023-12-31,23:00:00,2024-01-31,23:00:00,2023,12,Sunday,Light_Vehicles,5950
73840V2041694,Østre Tangent,RV162 S1D1 m2015,2023-12-31 23:00:00,2024-01-31 23:00:00,2023-12-31,23:00:00,2024-01-31,23:00:00,2023,12,Sunday,Light_Vehicles,5950
73840V2041694,Østre Tangent,RV162 S1D1 m2015,2023-12-31 23:00:00,2024-01-31 23:00:00,2023-12-31,23:00:00,2024-01-31,23:00:00,2023,12,Sunday,Light_Vehicles,6335
73840V2041694,Østre Tangent,RV162 S1D1 m2015,2023-12-31 23:00:00,2024-01-31 23:00:00,2023-12-31,23:00:00,2024-01-31,23:00:00,2023,12,Sunday,Light_Vehicles,12284
73840V2041694,Østre Tangent,RV162 S1D1 m2015,2024-01-31 23:00:00,2024-02-29 23:00:00,2024-01-31,23:00:00,2024-02-29,23:00:00,2024,1,Wednesday,Light_Vehicles,6737
73840V2041694,Østre Tangent,RV162 S1D1 m2015,2024-01-31 23:00:00,2024-02-29 23:00:00,2024-01-31,23:00:00,2024-02-29,23:00:00,2024,1,Wednesday,Light_Vehicles,6407
73840V2041694,Østre Tangent,RV162 S1D1 m2015,2024-01-31 23:00:00,2024-02-29 23:00:00,2024-01-31,23:00:00,2024-02-29,23:00:00,2024,1,Wednesday,Light_Vehicles,6408
73840V2041694,Østre Tangent,RV162 S1D1 m2015,2024-01-31 23:00:00,2024-02-29 23:00:00,2024-01-31,23:00:00,2024-02-29,23:00:00,2024,1,Wednesday,Light_Vehicles,6737
73840V2041694,Østre Tangent,RV162 S1D1 m2015,2024-01-31 23:00:00,2024-02-29 23:00:00,2024-01-31,23:00:00,2024-02-29,23:00:00,2024,1,Wednesday,Light_Vehicles,13144
73840V2041694,Østre Tangent,RV162 S1D1 m2015,2024-02-29 23:00:00,2024-03-31 22:00:00,2024-02-29,23:00:00,2024-03-31,22:00:00,2024,2,Thursday,Light_Vehicles,6767
73840V2041694,Østre Tangent,RV162 S1D1 m2015,2024-02-29 23:00:00,2024-03-31 22:00:00,2024-02-29,23:00:00,2024-03-31,22:00:00,2024,2,Thursday,Light_Vehicles,6272
73840V2041694,Østre Tangent,RV162 S1D1 m2015,2024-02-29 23:00:00,2024-03-31 22:00:00,2024-02-29,23:00:00,2024-03-31,22:00:00,2024,2,Thursday,Light_Vehicles,6272
73840V2041694,Østre Tangent,RV162 S1D1 m2015,2024-02-29 23:00:00,2024-03-31 22:00:00,2024-02-29,23:00:00,2024-03-31,22:00:00,2024,2,Thursday,Light_Vehicles,6767
73840V2041694,Østre Tangent,RV162 S1D1 m2015,2024-02-29 23:00:00,2024-03-31 22:00:00,2024-02-29,23:00:00,2024-03-31,22:00:00,2024,2,Thursday,Light_Vehicles,13039
73840V2041694,Østre Tangent,RV162 S1D1 m2015,2024-03-31 22:00:00,2024-04-30 22:00:00,2024-03-31,22:00:00,2024-04-30,22:00:00,2024,3,Sunday,Light_Vehicles,7352
73840V2041694,Østre Tangent,RV162 S1D1 m2015,2024-03-31 22:00:00,2024-04-30 22:00:00,2024-03-31,22:00:00,2024-04-30,22:00:00,2024,3,Sunday,Light_Vehicles,6909
73840V2041694,Østre Tangent,RV162 S1D1 m2015,2024-03-31 22:00:00,2024-04-30 22:00:00,2024-03-31,22:00:00,2024-04-30,22:00:00,2024,3,Sunday,Light_Vehicles,6910
73840V2041694,Østre Tangent,RV162 S1D1 m2015,2024-03-31 22:00:00,2024-04-30 22:00:00,2024-03-31,22:00:00,2024-04-30,22:00:00,2024,3,Sunday,Light_Vehicles,7351
73840V2041694,Østre Tangent,RV162 S1D1 m2015,2024-03-31 22:00:00,2024-04-30 22:00:00,2024-03-31,22:00:00,2024-04-30,22:00:00,2024,3,Sunday,Light_Vehicles,14261
73840V2041694,Østre Tangent,RV162 S1D1 m2015,2024-04-30 22:00:00,2024-05-31 22:00:00,2024-04-30,22:00:00,2024-05-31,22:00:00,2024,4,Tuesday,Light_Vehicles,7214
73840V2041694,Østre Tangent,RV162 S1D1 m2015,2024-04-30 22:00:00,2024-05-31 22:00:00,2024-04-30,22:00:00,2024-05-31,22:00:00,2024,4,Tuesday,Light_Vehicles,6618
73840V2041694,Østre Tangent,RV162 S1D1 m2015,2024-04-30 22:00:00,2024-05-31 22:00:00,2024-04-30,22:00:00,2024-05-31,22:00:00,2024,4,Tuesday,Light_Vehicles,6620
73840V2041694,Østre Tangent,RV162 S1D1 m2015,2024-04-30 22:00:00,2024-05-31 22:00:00,2024-04-30,22:00:00,2024-05-31,22:00:00,2024,4,Tuesday,Light_Vehicles,7213
73840V2041694,Østre Tangent,RV162 S1D1 m2015,2024-04-30 22:00:00,2024-05-31 22:00:00,2024-04-30,22:00:00,2024-05-31,22:00:00,2024,4,Tuesday,Light_Vehicles,13832
73840V2041694,Østre Tangent,RV162 S1D1 m2015,2020-01-31 23:00:00,2020-02-29 23:00:00,2020-01-31,23:00:00,2020-02-29,23:00:00,2020,1,Friday,Heavy_Vehicles,1474
73840V2041694,Østre Tangent,RV162 S1D1 m2015,2020-01-31 23:00:00,2020-02-29 23:00:00,2020-01-31,23:00:00,2020-02-29,23:00:00,2020,1,Friday,Heavy_Vehicles,1285
73840V2041694,Østre Tangent,RV162 S1D1 m2015,2020-01-31 23:00:00,2020-02-29 23:00:00,2020-01-31,23:00:00,2020-02-29,23:00:00,2020,1,Friday,Heavy_Vehicles,1286
73840V2041694,Østre Tangent,RV162 S1D1 m2015,2020-01-31 23:00:00,2020-02-29 23:00:00,2020-01-31,23:00:00,2020-02-29,23:00:00,2020,1,Friday,Heavy_Vehicles,1473
73840V2041694,Østre Tangent,RV162 S1D1 m2015,2020-01-31 23:00:00,2020-02-29 23:00:00,2020-01-31,23:00:00,2020-02-29,23:00:00,2020,1,Friday,Heavy_Vehicles,2756
73840V2041694,Østre Tangent,RV162 S1D1 m2015,2020-02-29 23:00:00,2020-03-31 22:00:00,2020-02-29,23:00:00,2020-03-31,22:00:00,2020,2,Saturday,Heavy_Vehicles,1157
73840V2041694,Østre Tangent,RV162 S1D1 m2015,2020-02-29 23:00:00,2020-03-31 22:00:00,2020-02-29,23:00:00,2020-03-31,22:00:00,2020,2,Saturday,Heavy_Vehicles,1021
73840V2041694,Østre Tangent,RV162 S1D1 m2015,2020-02-29 23:00:00,2020-03-31 22:00:00,2020-02-29,23:00:00,2020-03-31,22:00:00,2020,2,Saturday,Heavy_Vehicles,1021
73840V2041694,Østre Tangent,RV162 S1D1 m2015,2020-02-29 23:00:00,2020-03-31 22:00:00,2020-02-29,23:00:00,2020-03-31,22:00:00,2020,2,Saturday,Heavy_Vehicles,1155
73840V2041694,Østre Tangent,RV162 S1D1 m2015,2020-02-29 23:00:00,2020-03-31 22:00:00,2020-02-29,23:00:00,2020-03-31,22:00:00,2020,2,Saturday,Heavy_Vehicles,2179
73840V2041694,Østre Tangent,RV162 S1D1 m2015,2020-03-31 22:00:00,2020-04-30 22:00:00,2020-03-31,22:00:00,2020-04-30,22:00:00,2020,3,Tuesday,Heavy_Vehicles,876
73840V2041694,Østre Tangent,RV162 S1D1 m2015,2020-03-31 22:00:00,2020-04-30 22:00:00,2020-03-31,22:00:00,2020-04-30,22:00:00,2020,3,Tuesday,Heavy_Vehicles,768
73840V2041694,Østre Tangent,RV162 S1D1 m2015,2020-03-31 22:00:00,2020-04-30 22:00:00,2020-03-31,22:00:00,2020-04-30,22:00:00,2020,3,Tuesday,Heavy_Vehicles,768
73840V2041694,Østre Tangent,RV162 S1D1 m2015,2020-03-31 22:00:00,2020-04-30 22:00:00,2020-03-31,22:00:00,2020-04-30,22:00:00,2020,3,Tuesday,Heavy_Vehicles,876
73840V2041694,Østre Tangent,RV162 S1D1 m2015,2020-03-31 22:00:00,2020-04-30 22:00:00,2020-03-31,22:00:00,2020-04-30,22:00:00,2020,3,Tuesday,Heavy_Vehicles,1645
73840V2041694,Østre Tangent,RV162 S1D1 m2015,2020-04-30 22:00:00,2020-05-31 22:00:00,2020-04-30,22:00:00,2020-05-31,22:00:00,2020,4,Thursday,Heavy_Vehicles,943
73840V2041694,Østre Tangent,RV162 S1D1 m2015,2020-04-30 22:00:00,2020-05-31 22:00:00,2020-04-30,22:00:00,2020-05-31,22:00:00,2020,4,Thursday,Heavy_Vehicles,864
73840V2041694,Østre Tangent,RV162 S1D1 m2015,2020-04-30 22:00:00,2020-05-31 22:00:00,2020-04-30,22:00:00,2020-05-31,22:00:00,2020,4,Thursday,Heavy_Vehicles,864
73840V2041694,Østre Tangent,RV162 S1D1 m2015,2020-04-30 22:00:00,2020-05-31 22:00:00,2020-04-30,22:00:00,2020-05-31,22:00:00,2020,4,Thursday,Heavy_Vehicles,943
73840V2041694,Østre Tangent,RV162 S1D1 m2015,2020-04-30 22:00:00,2020-05-31 22:00:00,2020-04-30,22:00:00,2020-05-31,22:00:00,2020,4,Thursday,Heavy_Vehicles,1806
73840V2041694,Østre Tangent,RV162 S1D1 m2015,2020-05-31 22:00:00,2020-06-30 22:00:00,2020-05-31,22:00:00,2020-06-30,22:00:00,2020,5,Sunday,Heavy_Vehicles,1084
73840V2041694,Østre Tangent,RV162 S1D1 m2015,2020-05-31 22:00:00,2020-06-30 22:00:00,2020-05-31,22:00:00,2020-06-30,22:00:00,2020,5,Sunday,Heavy_Vehicles,1029
73840V2041694,Østre Tangent,RV162 S1D1 m2015,2020-05-31 22:00:00,2020-06-30 22:00:00,2020-05-31,22:00:00,2020-06-30,22:00:00,2020,5,Sunday,Heavy_Vehicles,1029
73840V2041694,Østre Tangent,RV162 S1D1 m2015,2020-05-31 22:00:00,2020-06-30 22:00:00,2020-05-31,22:00:00,2020-06-30,22:00:00,2020,5,Sunday,Heavy_Vehicles,1084
73840V2041694,Østre Tangent,RV162 S1D1 m2015,2020-05-31 22:00:00,2020-06-30 22:00:00,2020-05-31,22:00:00,2020-06-30,22:00:00,2020,5,Sunday,Heavy_Vehicles,2115
73840V2041694,Østre Tangent,RV162 S1D1 m2015,2020-06-30 22:00:00,2020-07-31 22:00:00,2020-06-30,22:00:00,2020-07-31,22:00:00,2020,6,Tuesday,Heavy_Vehicles,1009
73840V2041694,Østre Tangent,RV162 S1D1 m2015,2020-06-30 22:00:00,2020-07-31 22:00:00,2020-06-30,22:00:00,2020-07-31,22:00:00,2020,6,Tuesday,Heavy_Vehicles,1011
73840V2041694,Østre Tangent,RV162 S1D1 m2015,2020-06-30 22:00:00,2020-07-31 22:00:00,2020-06-30,22:00:00,2020-07-31,22:00:00,2020,6,Tuesday,Heavy_Vehicles,1012
73840V2041694,Østre Tangent,RV162 S1D1 m2015,2020-06-30 22:00:00,2020-07-31 22:00:00,2020-06-30,22:00:00,2020-07-31,22:00:00,2020,6,Tuesday,Heavy_Vehicles,1009
73840V2041694,Østre Tangent,RV162 S1D1 m2015,2020-06-30 22:00:00,2020-07-31 22:00:00,2020-06-30,22:00:00,2020-07-31,22:00:00,2020,6,Tuesday,Heavy_Vehicles,2021
73840V2041694,Østre Tangent,RV162 S1D1 m2015,2020-07-31 22:00:00,2020-08-31 22:00:00,2020-07-31,22:00:00,2020-08-31,22:00:00,2020,7,Friday,Heavy_Vehicles,1128
73840V2041694,Østre Tangent,RV162 S1D1 m2015,2020-07-31 22:00:00,2020-08-31 22:00:00,2020-07-31,22:00:00,2020-08-31,22:00:00,2020,7,Friday,Heavy_Vehicles,1078
73840V2041694,Østre Tangent,RV162 S1D1 m2015,2020-07-31 22:00:00,2020-08-31 22:00:00,2020-07-31,22:00:00,2020-08-31,22:00:00,2020,7,Friday,Heavy_Vehicles,1079
73840V2041694,Østre Tangent,RV162 S1D1 m2015,2020-07-31 22:00:00,2020-08-31 22:00:00,2020-07-31,22:00:00,2020-08-31,22:00:00,2020,7,Friday,Heavy_Vehicles,1128
73840V2041694,Østre Tangent,RV162 S1D1 m2015,2020-07-31 22:00:00,2020-08-31 22:00:00,2020-07-31,22:00:00,2020-08-31,22:00:00,2020,7,Friday,Heavy_Vehicles,2206
73840V2041694,Østre Tangent,RV162 S1D1 m2015,2020-08-31 22:00:00,2020-09-30 22:00:00,2020-08-31,22:00:00,2020-09-30,22:00:00,2020,8,Monday,Heavy_Vehicles,1130
73840V2041694,Østre Tangent,RV162 S1D1 m2015,2020-08-31 22:00:00,2020-09-30 22:00:00,2020-08-31,22:00:00,2020-09-30,22:00:00,2020,8,Monday,Heavy_Vehicles,1015
73840V2041694,Østre Tangent,RV162 S1D1 m2015,2020-08-31 22:00:00,2020-09-30 22:00:00,2020-08-31,22:00:00,2020-09-30,22:00:00,2020,8,Monday,Heavy_Vehicles,1015
73840V2041694,Østre Tangent,RV162 S1D1 m2015,2020-08-31 22:00:00,2020-09-30 22:00:00,2020-08-31,22:00:00,2020-09-30,22:00:00,2020,8,Monday,Heavy_Vehicles,1130
73840V2041694,Østre Tangent,RV162 S1D1 m2015,2020-08-31 22:00:00,2020-09-30 22:00:00,2020-08-31,22:00:00,2020-09-30,22:00:00,2020,8,Monday,Heavy_Vehicles,2143
73840V2041694,Østre Tangent,RV162 S1D1 m2015,2020-09-30 22:00:00,2020-10-31 23:00:00,2020-09-30,22:00:00,2020-10-31,23:00:00,2020,9,Wednesday,Heavy_Vehicles,1181
73840V2041694,Østre Tangent,RV162 S1D1 m2015,2020-09-30 22:00:00,2020-10-31 23:00:00,2020-09-30,22:00:00,2020-10-31,23:00:00,2020,9,Wednesday,Heavy_Vehicles,1142
73840V2041694,Østre Tangent,RV162 S1D1 m2015,2020-09-30 22:00:00,2020-10-31 23:00:00,2020-09-30,22:00:00,2020-10-31,23:00:00,2020,9,Wednesday,Heavy_Vehicles,1142
73840V2041694,Østre Tangent,RV162 S1D1 m2015,2020-09-30 22:00:00,2020-10-31 23:00:00,2020-09-30,22:00:00,2020-10-31,23:00:00,2020,9,Wednesday,Heavy_Vehicles,1181
73840V2041694,Østre Tangent,RV162 S1D1 m2015,2020-09-30 22:00:00,2020-10-31 23:00:00,2020-09-30,22:00:00,2020-10-31,23:00:00,2020,9,Wednesday,Heavy_Vehicles,2324
73840V2041694,Østre Tangent,RV162 S1D1 m2015,2020-10-31 23:00:00,2020-11-30 23:00:00,2020-10-31,23:00:00,2020-11-30,23:00:00,2020,10,Saturday,Heavy_Vehicles,1043
73840V2041694,Østre Tangent,RV162 S1D1 m2015,2020-10-31 23:00:00,2020-11-30 23:00:00,2020-10-31,23:00:00,2020-11-30,23:00:00,2020,10,Saturday,Heavy_Vehicles,974
73840V2041694,Østre Tangent,RV162 S1D1 m2015,2020-10-31 23:00:00,2020-11-30 23:00:00,2020-10-31,23:00:00,2020-11-30,23:00:00,2020,10,Saturday,Heavy_Vehicles,974
73840V2041694,Østre Tangent,RV162 S1D1 m2015,2020-10-31 23:00:00,2020-11-30 23:00:00,2020-10-31,23:00:00,2020-11-30,23:00:00,2020,10,Saturday,Heavy_Vehicles,1043
73840V2041694,Østre Tangent,RV162 S1D1 m2015,2020-10-31 23:00:00,2020-11-30 23:00:00,2020-10-31,23:00:00,2020-11-30,23:00:00,2020,10,Saturday,Heavy_Vehicles,2017
73840V2041694,Østre Tangent,RV162 S1D1 m2015,2020-11-30 23:00:00,2020-12-31 23:00:00,2020-11-30,23:00:00,2020-12-31,23:00:00,2020,11,Monday,Heavy_Vehicles,851
73840V2041694,Østre Tangent,RV162 S1D1 m2015,2020-11-30 23:00:00,2020-12-31 23:00:00,2020-11-30,23:00:00,2020-12-31,23:00:00,2020,11,Monday,Heavy_Vehicles,768
73840V2041694,Østre Tangent,RV162 S1D1 m2015,2020-11-30 23:00:00,2020-12-31 23:00:00,2020-11-30,23:00:00,2020-12-31,23:00:00,2020,11,Monday,Heavy_Vehicles,768
73840V2041694,Østre Tangent,RV162 S1D1 m2015,2020-11-30 23:00:00,2020-12-31 23:00:00,2020-11-30,23:00:00,2020-12-31,23:00:00,2020,11,Monday,Heavy_Vehicles,851
73840V2041694,Østre Tangent,RV162 S1D1 m2015,2020-11-30 23:00:00,2020-12-31 23:00:00,2020-11-30,23:00:00,2020-12-31,23:00:00,2020,11,Monday,Heavy_Vehicles,1620
73840V2041694,Østre Tangent,RV162 S1D1 m2015,2020-12-31 23:00:00,2021-01-31 23:00:00,2020-12-31,23:00:00,2021-01-31,23:00:00,2020,12,Thursday,Heavy_Vehicles,802
73840V2041694,Østre Tangent,RV162 S1D1 m2015,2020-12-31 23:00:00,2021-01-31 23:00:00,2020-12-31,23:00:00,2021-01-31,23:00:00,2020,12,Thursday,Heavy_Vehicles,772
73840V2041694,Østre Tangent,RV162 S1D1 m2015,2020-12-31 23:00:00,2021-01-31 23:00:00,2020-12-31,23:00:00,2021-01-31,23:00:00,2020,12,Thursday,Heavy_Vehicles,772
73840V2041694,Østre Tangent,RV162 S1D1 m2015,2020-12-31 23:00:00,2021-01-31 23:00:00,2020-12-31,23:00:00,2021-01-31,23:00:00,2020,12,Thursday,Heavy_Vehicles,802
73840V2041694,Østre Tangent,RV162 S1D1 m2015,2020-12-31 23:00:00,2021-01-31 23:00:00,2020-12-31,23:00:00,2021-01-31,23:00:00,2020,12,Thursday,Heavy_Vehicles,1576
73840V2041694,Østre Tangent,RV162 S1D1 m2015,2021-01-31 23:00:00,2021-02-28 23:00:00,2021-01-31,23:00:00,2021-02-28,23:00:00,2021,1,Sunday,Heavy_Vehicles,865
73840V2041694,Østre Tangent,RV162 S1D1 m2015,2021-01-31 23:00:00,2021-02-28 23:00:00,2021-01-31,23:00:00,2021-02-28,23:00:00,2021,1,Sunday,Heavy_Vehicles,847
73840V2041694,Østre Tangent,RV162 S1D1 m2015,2021-01-31 23:00:00,2021-02-28 23:00:00,2021-01-31,23:00:00,2021-02-28,23:00:00,2021,1,Sunday,Heavy_Vehicles,847
73840V2041694,Østre Tangent,RV162 S1D1 m2015,2021-01-31 23:00:00,2021-02-28 23:00:00,2021-01-31,23:00:00,2021-02-28,23:00:00,2021,1,Sunday,Heavy_Vehicles,865
73840V2041694,Østre Tangent,RV162 S1D1 m2015,2021-01-31 23:00:00,2021-02-28 23:00:00,2021-01-31,23:00:00,2021-02-28,23:00:00,2021,1,Sunday,Heavy_Vehicles,1715
73840V2041694,Østre Tangent,RV162 S1D1 m2015,2021-02-28 23:00:00,2021-03-31 22:00:00,2021-02-28,23:00:00,2021-03-31,22:00:00,2021,2,Sunday,Heavy_Vehicles,887
73840V2041694,Østre Tangent,RV162 S1D1 m2015,2021-02-28 23:00:00,2021-03-31 22:00:00,2021-02-28,23:00:00,2021-03-31,22:00:00,2021,2,Sunday,Heavy_Vehicles,864
73840V2041694,Østre Tangent,RV162 S1D1 m2015,2021-02-28 23:00:00,2021-03-31 22:00:00,2021-02-28,23:00:00,2021-03-31,22:00:00,2021,2,Sunday,Heavy_Vehicles,864
73840V2041694,Østre Tangent,RV162 S1D1 m2015,2021-02-28 23:00:00,2021-03-31 22:00:00,2021-02-28,23:00:00,2021-03-31,22:00:00,2021,2,Sunday,Heavy_Vehicles,886
73840V2041694,Østre Tangent,RV162 S1D1 m2015,2021-02-28 23:00:00,2021-03-31 22:00:00,2021-02-28,23:00:00,2021-03-31,22:00:00,2021,2,Sunday,Heavy_Vehicles,1753
73840V2041694,Østre Tangent,RV162 S1D1 m2015,2021-03-31 22:00:00,2021-04-30 22:00:00,2021-03-31,22:00:00,2021-04-30,22:00:00,2021,3,Wednesday,Heavy_Vehicles,836
73840V2041694,Østre Tangent,RV162 S1D1 m2015,2021-03-31 22:00:00,2021-04-30 22:00:00,2021-03-31,22:00:00,2021-04-30,22:00:00,2021,3,Wednesday,Heavy_Vehicles,780
73840V2041694,Østre Tangent,RV162 S1D1 m2015,2021-03-31 22:00:00,2021-04-30 22:00:00,2021-03-31,22:00:00,2021-04-30,22:00:00,2021,3,Wednesday,Heavy_Vehicles,780
73840V2041694,Østre Tangent,RV162 S1D1 m2015,2021-03-31 22:00:00,2021-04-30 22:00:00,2021-03-31,22:00:00,2021-04-30,22:00:00,2021,3,Wednesday,Heavy_Vehicles,836
73840V2041694,Østre Tangent,RV162 S1D1 m2015,2021-03-31 22:00:00,2021-04-30 22:00:00,2021-03-31,22:00:00,2021-04-30,22:00:00,2021,3,Wednesday,Heavy_Vehicles,1613
73840V2041694,Østre Tangent,RV162 S1D1 m2015,2021-04-30 22:00:00,2021-05-31 22:00:00,2021-04-30,22:00:00,2021-05-31,22:00:00,2021,4,Friday,Heavy_Vehicles,817
73840V2041694,Østre Tangent,RV162 S1D1 m2015,2021-04-30 22:00:00,2021-05-31 22:00:00,2021-04-30,22:00:00,2021-05-31,22:00:00,2021,4,Friday,Heavy_Vehicles,771
73840V2041694,Østre Tangent,RV162 S1D1 m2015,2021-04-30 22:00:00,2021-05-31 22:00:00,2021-04-30,22:00:00,2021-05-31,22:00:00,2021,4,Friday,Heavy_Vehicles,771
73840V2041694,Østre Tangent,RV162 S1D1 m2015,2021-04-30 22:00:00,2021-05-31 22:00:00,2021-04-30,22:00:00,2021-05-31,22:00:00,2021,4,Friday,Heavy_Vehicles,817
73840V2041694,Østre Tangent,RV162 S1D1 m2015,2021-04-30 22:00:00,2021-05-31 22:00:00,2021-04-30,22:00:00,2021-05-31,22:00:00,2021,4,Friday,Heavy_Vehicles,1588
73840V2041694,Østre Tangent,RV162 S1D1 m2015,2021-05-31 22:00:00,2021-06-30 22:00:00,2021-05-31,22:00:00,2021-06-30,22:00:00,2021,5,Monday,Heavy_Vehicles,1080
73840V2041694,Østre Tangent,RV162 S1D1 m2015,2021-05-31 22:00:00,2021-06-30 22:00:00,2021-05-31,22:00:00,2021-06-30,22:00:00,2021,5,Monday,Heavy_Vehicles,1070
73840V2041694,Østre Tangent,RV162 S1D1 m2015,2021-05-31 22:00:00,2021-06-30 22:00:00,2021-05-31,22:00:00,2021-06-30,22:00:00,2021,5,Monday,Heavy_Vehicles,1070
73840V2041694,Østre Tangent,RV162 S1D1 m2015,2021-05-31 22:00:00,2021-06-30 22:00:00,2021-05-31,22:00:00,2021-06-30,22:00:00,2021,5,Monday,Heavy_Vehicles,1080
73840V2041694,Østre Tangent,RV162 S1D1 m2015,2021-05-31 22:00:00,2021-06-30 22:00:00,2021-05-31,22:00:00,2021-06-30,22:00:00,2021,5,Monday,Heavy_Vehicles,2154
73840V2041694,Østre Tangent,RV162 S1D1 m2015,2021-06-30 22:00:00,2021-07-31 22:00:00,2021-06-30,22:00:00,2021-07-31,22:00:00,2021,6,Wednesday,Heavy_Vehicles,983
73840V2041694,Østre Tangent,RV162 S1D1 m2015,2021-06-30 22:00:00,2021-07-31 22:00:00,2021-06-30,22:00:00,2021-07-31,22:00:00,2021,6,Wednesday,Heavy_Vehicles,1032
73840V2041694,Østre Tangent,RV162 S1D1 m2015,2021-06-30 22:00:00,2021-07-31 22:00:00,2021-06-30,22:00:00,2021-07-31,22:00:00,2021,6,Wednesday,Heavy_Vehicles,1033
73840V2041694,Østre Tangent,RV162 S1D1 m2015,2021-06-30 22:00:00,2021-07-31 22:00:00,2021-06-30,22:00:00,2021-07-31,22:00:00,2021,6,Wednesday,Heavy_Vehicles,983
73840V2041694,Østre Tangent,RV162 S1D1 m2015,2021-06-30 22:00:00,2021-07-31 22:00:00,2021-06-30,22:00:00,2021-07-31,22:00:00,2021,6,Wednesday,Heavy_Vehicles,2016
73840V2041694,Østre Tangent,RV162 S1D1 m2015,2021-07-31 22:00:00,2021-08-31 22:00:00,2021-07-31,22:00:00,2021-08-31,22:00:00,2021,7,Saturday,Heavy_Vehicles,1233
73840V2041694,Østre Tangent,RV162 S1D1 m2015,2021-07-31 22:00:00,2021-08-31 22:00:00,2021-07-31,22:00:00,2021-08-31,22:00:00,2021,7,Saturday,Heavy_Vehicles,1155
73840V2041694,Østre Tangent,RV162 S1D1 m2015,2021-07-31 22:00:00,2021-08-31 22:00:00,2021-07-31,22:00:00,2021-08-31,22:00:00,2021,7,Saturday,Heavy_Vehicles,1155
73840V2041694,Østre Tangent,RV162 S1D1 m2015,2021-07-31 22:00:00,2021-08-31 22:00:00,2021-07-31,22:00:00,2021-08-31,22:00:00,2021,7,Saturday,Heavy_Vehicles,1233
73840V2041694,Østre Tangent,RV162 S1D1 m2015,2021-07-31 22:00:00,2021-08-31 22:00:00,2021-07-31,22:00:00,2021-08-31,22:00:00,2021,7,Saturday,Heavy_Vehicles,2387
73840V2041694,Østre Tangent,RV162 S1D1 m2015,2021-08-31 22:00:00,2021-09-30 22:00:00,2021-08-31,22:00:00,2021-09-30,22:00:00,2021,8,Tuesday,Heavy_Vehicles,1291
73840V2041694,Østre Tangent,RV162 S1D1 m2015,2021-08-31 22:00:00,2021-09-30 22:00:00,2021-08-31,22:00:00,2021-09-30,22:00:00,2021,8,Tuesday,Heavy_Vehicles,1147
73840V2041694,Østre Tangent,RV162 S1D1 m2015,2021-08-31 22:00:00,2021-09-30 22:00:00,2021-08-31,22:00:00,2021-09-30,22:00:00,2021,8,Tuesday,Heavy_Vehicles,1147
73840V2041694,Østre Tangent,RV162 S1D1 m2015,2021-08-31 22:00:00,2021-09-30 22:00:00,2021-08-31,22:00:00,2021-09-30,22:00:00,2021,8,Tuesday,Heavy_Vehicles,1291
73840V2041694,Østre Tangent,RV162 S1D1 m2015,2021-08-31 22:00:00,2021-09-30 22:00:00,2021-08-31,22:00:00,2021-09-30,22:00:00,2021,8,Tuesday,Heavy_Vehicles,2438
73840V2041694,Østre Tangent,RV162 S1D1 m2015,2021-09-30 22:00:00,2021-10-31 23:00:00,2021-09-30,22:00:00,2021-10-31,23:00:00,2021,9,Thursday,Heavy_Vehicles,1269
73840V2041694,Østre Tangent,RV162 S1D1 m2015,2021-09-30 22:00:00,2021-10-31 23:00:00,2021-09-30,22:00:00,2021-10-31,23:00:00,2021,9,Thursday,Heavy_Vehicles,1164
73840V2041694,Østre Tangent,RV162 S1D1 m2015,2021-09-30 22:00:00,2021-10-31 23:00:00,2021-09-30,22:00:00,2021-10-31,23:00:00,2021,9,Thursday,Heavy_Vehicles,1164
73840V2041694,Østre Tangent,RV162 S1D1 m2015,2021-09-30 22:00:00,2021-10-31 23:00:00,2021-09-30,22:00:00,2021-10-31,23:00:00,2021,9,Thursday,Heavy_Vehicles,1269
73840V2041694,Østre Tangent,RV162 S1D1 m2015,2021-09-30 22:00:00,2021-10-31 23:00:00,2021-09-30,22:00:00,2021-10-31,23:00:00,2021,9,Thursday,Heavy_Vehicles,2434
73840V2041694,Østre Tangent,RV162 S1D1 m2015,2021-10-31 23:00:00,2021-11-30 23:00:00,2021-10-31,23:00:00,2021-11-30,23:00:00,2021,10,Sunday,Heavy_Vehicles,1285
73840V2041694,Østre Tangent,RV162 S1D1 m2015,2021-10-31 23:00:00,2021-11-30 23:00:00,2021-10-31,23:00:00,2021-11-30,23:00:00,2021,10,Sunday,Heavy_Vehicles,1154
73840V2041694,Østre Tangent,RV162 S1D1 m2015,2021-10-31 23:00:00,2021-11-30 23:00:00,2021-10-31,23:00:00,2021-11-30,23:00:00,2021,10,Sunday,Heavy_Vehicles,1154
73840V2041694,Østre Tangent,RV162 S1D1 m2015,2021-10-31 23:00:00,2021-11-30 23:00:00,2021-10-31,23:00:00,2021-11-30,23:00:00,2021,10,Sunday,Heavy_Vehicles,1284
73840V2041694,Østre Tangent,RV162 S1D1 m2015,2021-10-31 23:00:00,2021-11-30 23:00:00,2021-10-31,23:00:00,2021-11-30,23:00:00,2021,10,Sunday,Heavy_Vehicles,2442
73840V2041694,Østre Tangent,RV162 S1D1 m2015,2021-11-30 23:00:00,2021-12-31 23:00:00,2021-11-30,23:00:00,2021-12-31,23:00:00,2021,11,Tuesday,Heavy_Vehicles,1023
73840V2041694,Østre Tangent,RV162 S1D1 m2015,2021-11-30 23:00:00,2021-12-31 23:00:00,2021-11-30,23:00:00,2021-12-31,23:00:00,2021,11,Tuesday,Heavy_Vehicles,929
73840V2041694,Østre Tangent,RV162 S1D1 m2015,2021-11-30 23:00:00,2021-12-31 23:00:00,2021-11-30,23:00:00,2021-12-31,23:00:00,2021,11,Tuesday,Heavy_Vehicles,929
73840V2041694,Østre Tangent,RV162 S1D1 m2015,2021-11-30 23:00:00,2021-12-31 23:00:00,2021-11-30,23:00:00,2021-12-31,23:00:00,2021,11,Tuesday,Heavy_Vehicles,1023
73840V2041694,Østre Tangent,RV162 S1D1 m2015,2021-11-30 23:00:00,2021-12-31 23:00:00,2021-11-30,23:00:00,2021-12-31,23:00:00,2021,11,Tuesday,Heavy_Vehicles,1952
73840V2041694,Østre Tangent,RV162 S1D1 m2015,2021-12-31 23:00:00,2022-01-31 23:00:00,2021-12-31,23:00:00,2022-01-31,23:00:00,2021,12,Friday,Heavy_Vehicles,1096
73840V2041694,Østre Tangent,RV162 S1D1 m2015,2021-12-31 23:00:00,2022-01-31 23:00:00,2021-12-31,23:00:00,2022-01-31,23:00:00,2021,12,Friday,Heavy_Vehicles,948
73840V2041694,Østre Tangent,RV162 S1D1 m2015,2021-12-31 23:00:00,2022-01-31 23:00:00,2021-12-31,23:00:00,2022-01-31,23:00:00,2021,12,Friday,Heavy_Vehicles,948
73840V2041694,Østre Tangent,RV162 S1D1 m2015,2021-12-31 23:00:00,2022-01-31 23:00:00,2021-12-31,23:00:00,2022-01-31,23:00:00,2021,12,Friday,Heavy_Vehicles,1096
73840V2041694,Østre Tangent,RV162 S1D1 m2015,2021-12-31 23:00:00,2022-01-31 23:00:00,2021-12-31,23:00:00,2022-01-31,23:00:00,2021,12,Friday,Heavy_Vehicles,2044
73840V2041694,Østre Tangent,RV162 S1D1 m2015,2022-01-31 23:00:00,2022-02-28 23:00:00,2022-01-31,23:00:00,2022-02-28,23:00:00,2022,1,Monday,Heavy_Vehicles,1112
73840V2041694,Østre Tangent,RV162 S1D1 m2015,2022-01-31 23:00:00,2022-02-28 23:00:00,2022-01-31,23:00:00,2022-02-28,23:00:00,2022,1,Monday,Heavy_Vehicles,962
73840V2041694,Østre Tangent,RV162 S1D1 m2015,2022-01-31 23:00:00,2022-02-28 23:00:00,2022-01-31,23:00:00,2022-02-28,23:00:00,2022,1,Monday,Heavy_Vehicles,962
73840V2041694,Østre Tangent,RV162 S1D1 m2015,2022-01-31 23:00:00,2022-02-28 23:00:00,2022-01-31,23:00:00,2022-02-28,23:00:00,2022,1,Monday,Heavy_Vehicles,1112
73840V2041694,Østre Tangent,RV162 S1D1 m2015,2022-01-31 23:00:00,2022-02-28 23:00:00,2022-01-31,23:00:00,2022-02-28,23:00:00,2022,1,Monday,Heavy_Vehicles,2074
73840V2041694,Østre Tangent,RV162 S1D1 m2015,2022-02-28 23:00:00,2022-03-31 22:00:00,2022-02-28,23:00:00,2022-03-31,22:00:00,2022,2,Monday,Heavy_Vehicles,1233
73840V2041694,Østre Tangent,RV162 S1D1 m2015,2022-02-28 23:00:00,2022-03-31 22:00:00,2022-02-28,23:00:00,2022-03-31,22:00:00,2022,2,Monday,Heavy_Vehicles,1083
73840V2041694,Østre Tangent,RV162 S1D1 m2015,2022-02-28 23:00:00,2022-03-31 22:00:00,2022-02-28,23:00:00,2022-03-31,22:00:00,2022,2,Monday,Heavy_Vehicles,1083
73840V2041694,Østre Tangent,RV162 S1D1 m2015,2022-02-28 23:00:00,2022-03-31 22:00:00,2022-02-28,23:00:00,2022-03-31,22:00:00,2022,2,Monday,Heavy_Vehicles,1233
73840V2041694,Østre Tangent,RV162 S1D1 m2015,2022-02-28 23:00:00,2022-03-31 22:00:00,2022-02-28,23:00:00,2022-03-31,22:00:00,2022,2,Monday,Heavy_Vehicles,2317
73840V2041694,Østre Tangent,RV162 S1D1 m2015,2022-03-31 22:00:00,2022-04-30 22:00:00,2022-03-31,22:00:00,2022-04-30,22:00:00,2022,3,Thursday,Heavy_Vehicles,1111
73840V2041694,Østre Tangent,RV162 S1D1 m2015,2022-03-31 22:00:00,2022-04-30 22:00:00,2022-03-31,22:00:00,2022-04-30,22:00:00,2022,3,Thursday,Heavy_Vehicles,985
73840V2041694,Østre Tangent,RV162 S1D1 m2015,2022-03-31 22:00:00,2022-04-30 22:00:00,2022-03-31,22:00:00,2022-04-30,22:00:00,2022,3,Thursday,Heavy_Vehicles,985
73840V2041694,Østre Tangent,RV162 S1D1 m2015,2022-03-31 22:00:00,2022-04-30 22:00:00,2022-03-31,22:00:00,2022-04-30,22:00:00,2022,3,Thursday,Heavy_Vehicles,1111
73840V2041694,Østre Tangent,RV162 S1D1 m2015,2022-03-31 22:00:00,2022-04-30 22:00:00,2022-03-31,22:00:00,2022-04-30,22:00:00,2022,3,Thursday,Heavy_Vehicles,2096
73840V2041694,Østre Tangent,RV162 S1D1 m2015,2022-04-30 22:00:00,2022-05-31 22:00:00,2022-04-30,22:00:00,2022-05-31,22:00:00,2022,4,Saturday,Heavy_Vehicles,1248
73840V2041694,Østre Tangent,RV162 S1D1 m2015,2022-04-30 22:00:00,2022-05-31 22:00:00,2022-04-30,22:00:00,2022-05-31,22:00:00,2022,4,Saturday,Heavy_Vehicles,1131
73840V2041694,Østre Tangent,RV162 S1D1 m2015,2022-04-30 22:00:00,2022-05-31 22:00:00,2022-04-30,22:00:00,2022-05-31,22:00:00,2022,4,Saturday,Heavy_Vehicles,1132
73840V2041694,Østre Tangent,RV162 S1D1 m2015,2022-04-30 22:00:00,2022-05-31 22:00:00,2022-04-30,22:00:00,2022-05-31,22:00:00,2022,4,Saturday,Heavy_Vehicles,1247
73840V2041694,Østre Tangent,RV162 S1D1 m2015,2022-04-30 22:00:00,2022-05-31 22:00:00,2022-04-30,22:00:00,2022-05-31,22:00:00,2022,4,Saturday,Heavy_Vehicles,2376
73840V2041694,Østre Tangent,RV162 S1D1 m2015,2022-05-31 22:00:00,2022-06-30 22:00:00,2022-05-31,22:00:00,2022-06-30,22:00:00,2022,5,Tuesday,Heavy_Vehicles,1436
73840V2041694,Østre Tangent,RV162 S1D1 m2015,2022-05-31 22:00:00,2022-06-30 22:00:00,2022-05-31,22:00:00,2022-06-30,22:00:00,2022,5,Tuesday,Heavy_Vehicles,1302
73840V2041694,Østre Tangent,RV162 S1D1 m2015,2022-05-31 22:00:00,2022-06-30 22:00:00,2022-05-31,22:00:00,2022-06-30,22:00:00,2022,5,Tuesday,Heavy_Vehicles,1303
73840V2041694,Østre Tangent,RV162 S1D1 m2015,2022-05-31 22:00:00,2022-06-30 22:00:00,2022-05-31,22:00:00,2022-06-30,22:00:00,2022,5,Tuesday,Heavy_Vehicles,1435
73840V2041694,Østre Tangent,RV162 S1D1 m2015,2022-05-31 22:00:00,2022-06-30 22:00:00,2022-05-31,22:00:00,2022-06-30,22:00:00,2022,5,Tuesday,Heavy_Vehicles,2740
73840V2041694,Østre Tangent,RV162 S1D1 m2015,2022-06-30 22:00:00,2022-07-31 22:00:00,2022-06-30,22:00:00,2022-07-31,22:00:00,2022,6,Thursday,Heavy_Vehicles,1141
73840V2041694,Østre Tangent,RV162 S1D1 m2015,2022-06-30 22:00:00,2022-07-31 22:00:00,2022-06-30,22:00:00,2022-07-31,22:00:00,2022,6,Thursday,Heavy_Vehicles,1098
73840V2041694,Østre Tangent,RV162 S1D1 m2015,2022-06-30 22:00:00,2022-07-31 22:00:00,2022-06-30,22:00:00,2022-07-31,22:00:00,2022,6,Thursday,Heavy_Vehicles,1098
73840V2041694,Østre Tangent,RV162 S1D1 m2015,2022-06-30 22:00:00,2022-07-31 22:00:00,2022-06-30,22:00:00,2022-07-31,22:00:00,2022,6,Thursday,Heavy_Vehicles,1141
73840V2041694,Østre Tangent,RV162 S1D1 m2015,2022-06-30 22:00:00,2022-07-31 22:00:00,2022-06-30,22:00:00,2022-07-31,22:00:00,2022,6,Thursday,Heavy_Vehicles,2242
73840V2041694,Østre Tangent,RV162 S1D1 m2015,2022-07-31 22:00:00,2022-08-31 22:00:00,2022-07-31,22:00:00,2022-08-31,22:00:00,2022,7,Sunday,Heavy_Vehicles,1330
73840V2041694,Østre Tangent,RV162 S1D1 m2015,2022-07-31 22:00:00,2022-08-31 22:00:00,2022-07-31,22:00:00,2022-08-31,22:00:00,2022,7,Sunday,Heavy_Vehicles,1208
73840V2041694,Østre Tangent,RV162 S1D1 m2015,2022-07-31 22:00:00,2022-08-31 22:00:00,2022-07-31,22:00:00,2022-08-31,22:00:00,2022,7,Sunday,Heavy_Vehicles,1208
73840V2041694,Østre Tangent,RV162 S1D1 m2015,2022-07-31 22:00:00,2022-08-31 22:00:00,2022-07-31,22:00:00,2022-08-31,22:00:00,2022,7,Sunday,Heavy_Vehicles,1330
73840V2041694,Østre Tangent,RV162 S1D1 m2015,2022-07-31 22:00:00,2022-08-31 22:00:00,2022-07-31,22:00:00,2022-08-31,22:00:00,2022,7,Sunday,Heavy_Vehicles,2540
73840V2041694,Østre Tangent,RV162 S1D1 m2015,2022-08-31 22:00:00,2022-09-30 22:00:00,2022-08-31,22:00:00,2022-09-30,22:00:00,2022,8,Wednesday,Heavy_Vehicles,1311
73840V2041694,Østre Tangent,RV162 S1D1 m2015,2022-08-31 22:00:00,2022-09-30 22:00:00,2022-08-31,22:00:00,2022-09-30,22:00:00,2022,8,Wednesday,Heavy_Vehicles,1194
73840V2041694,Østre Tangent,RV162 S1D1 m2015,2022-08-31 22:00:00,2022-09-30 22:00:00,2022-08-31,22:00:00,2022-09-30,22:00:00,2022,8,Wednesday,Heavy_Vehicles,1194
73840V2041694,Østre Tangent,RV162 S1D1 m2015,2022-08-31 22:00:00,2022-09-30 22:00:00,2022-08-31,22:00:00,2022-09-30,22:00:00,2022,8,Wednesday,Heavy_Vehicles,1310
73840V2041694,Østre Tangent,RV162 S1D1 m2015,2022-08-31 22:00:00,2022-09-30 22:00:00,2022-08-31,22:00:00,2022-09-30,22:00:00,2022,8,Wednesday,Heavy_Vehicles,2506
73840V2041694,Østre Tangent,RV162 S1D1 m2015,2022-09-30 22:00:00,2022-10-31 23:00:00,2022-09-30,22:00:00,2022-10-31,23:00:00,2022,9,Friday,Heavy_Vehicles,1182
73840V2041694,Østre Tangent,RV162 S1D1 m2015,2022-09-30 22:00:00,2022-10-31 23:00:00,2022-09-30,22:00:00,2022-10-31,23:00:00,2022,9,Friday,Heavy_Vehicles,1104
73840V2041694,Østre Tangent,RV162 S1D1 m2015,2022-09-30 22:00:00,2022-10-31 23:00:00,2022-09-30,22:00:00,2022-10-31,23:00:00,2022,9,Friday,Heavy_Vehicles,1104
73840V2041694,Østre Tangent,RV162 S1D1 m2015,2022-09-30 22:00:00,2022-10-31 23:00:00,2022-09-30,22:00:00,2022-10-31,23:00:00,2022,9,Friday,Heavy_Vehicles,1182
73840V2041694,Østre Tangent,RV162 S1D1 m2015,2022-09-30 22:00:00,2022-10-31 23:00:00,2022-09-30,22:00:00,2022-10-31,23:00:00,2022,9,Friday,Heavy_Vehicles,2287
73840V2041694,Østre Tangent,RV162 S1D1 m2015,2022-10-31 23:00:00,2022-11-30 23:00:00,2022-10-31,23:00:00,2022-11-30,23:00:00,2022,10,Monday,Heavy_Vehicles,1167
73840V2041694,Østre Tangent,RV162 S1D1 m2015,2022-10-31 23:00:00,2022-11-30 23:00:00,2022-10-31,23:00:00,2022-11-30,23:00:00,2022,10,Monday,Heavy_Vehicles,1070
73840V2041694,Østre Tangent,RV162 S1D1 m2015,2022-10-31 23:00:00,2022-11-30 23:00:00,2022-10-31,23:00:00,2022-11-30,23:00:00,2022,10,Monday,Heavy_Vehicles,1070
73840V2041694,Østre Tangent,RV162 S1D1 m2015,2022-10-31 23:00:00,2022-11-30 23:00:00,2022-10-31,23:00:00,2022-11-30,23:00:00,2022,10,Monday,Heavy_Vehicles,1166
73840V2041694,Østre Tangent,RV162 S1D1 m2015,2022-10-31 23:00:00,2022-11-30 23:00:00,2022-10-31,23:00:00,2022-11-30,23:00:00,2022,10,Monday,Heavy_Vehicles,2236
73840V2041694,Østre Tangent,RV162 S1D1 m2015,2022-11-30 23:00:00,2022-12-31 23:00:00,2022-11-30,23:00:00,2022-12-31,23:00:00,2022,11,Wednesday,Heavy_Vehicles,1038
73840V2041694,Østre Tangent,RV162 S1D1 m2015,2022-11-30 23:00:00,2022-12-31 23:00:00,2022-11-30,23:00:00,2022-12-31,23:00:00,2022,11,Wednesday,Heavy_Vehicles,924
73840V2041694,Østre Tangent,RV162 S1D1 m2015,2022-11-30 23:00:00,2022-12-31 23:00:00,2022-11-30,23:00:00,2022-12-31,23:00:00,2022,11,Wednesday,Heavy_Vehicles,925
73840V2041694,Østre Tangent,RV162 S1D1 m2015,2022-11-30 23:00:00,2022-12-31 23:00:00,2022-11-30,23:00:00,2022-12-31,23:00:00,2022,11,Wednesday,Heavy_Vehicles,1038
73840V2041694,Østre Tangent,RV162 S1D1 m2015,2022-11-30 23:00:00,2022-12-31 23:00:00,2022-11-30,23:00:00,2022-12-31,23:00:00,2022,11,Wednesday,Heavy_Vehicles,1963
73840V2041694,Østre Tangent,RV162 S1D1 m2015,2022-12-31 23:00:00,2023-01-31 23:00:00,2022-12-31,23:00:00,2023-01-31,23:00:00,2022,12,Saturday,Heavy_Vehicles,1041
73840V2041694,Østre Tangent,RV162 S1D1 m2015,2022-12-31 23:00:00,2023-01-31 23:00:00,2022-12-31,23:00:00,2023-01-31,23:00:00,2022,12,Saturday,Heavy_Vehicles,955
73840V2041694,Østre Tangent,RV162 S1D1 m2015,2022-12-31 23:00:00,2023-01-31 23:00:00,2022-12-31,23:00:00,2023-01-31,23:00:00,2022,12,Saturday,Heavy_Vehicles,955
73840V2041694,Østre Tangent,RV162 S1D1 m2015,2022-12-31 23:00:00,2023-01-31 23:00:00,2022-12-31,23:00:00,2023-01-31,23:00:00,2022,12,Saturday,Heavy_Vehicles,1041
73840V2041694,Østre Tangent,RV162 S1D1 m2015,2022-12-31 23:00:00,2023-01-31 23:00:00,2022-12-31,23:00:00,2023-01-31,23:00:00,2022,12,Saturday,Heavy_Vehicles,1994
73840V2041694,Østre Tangent,RV162 S1D1 m2015,2023-01-31 23:00:00,2023-02-28 23:00:00,2023-01-31,23:00:00,2023-02-28,23:00:00,2023,1,Tuesday,Heavy_Vehicles,1094
73840V2041694,Østre Tangent,RV162 S1D1 m2015,2023-01-31 23:00:00,2023-02-28 23:00:00,2023-01-31,23:00:00,2023-02-28,23:00:00,2023,1,Tuesday,Heavy_Vehicles,1001
73840V2041694,Østre Tangent,RV162 S1D1 m2015,2023-01-31 23:00:00,2023-02-28 23:00:00,2023-01-31,23:00:00,2023-02-28,23:00:00,2023,1,Tuesday,Heavy_Vehicles,1001
73840V2041694,Østre Tangent,RV162 S1D1 m2015,2023-01-31 23:00:00,2023-02-28 23:00:00,2023-01-31,23:00:00,2023-02-28,23:00:00,2023,1,Tuesday,Heavy_Vehicles,1094
73840V2041694,Østre Tangent,RV162 S1D1 m2015,2023-01-31 23:00:00,2023-02-28 23:00:00,2023-01-31,23:00:00,2023-02-28,23:00:00,2023,1,Tuesday,Heavy_Vehicles,2094
73840V2041694,Østre Tangent,RV162 S1D1 m2015,2023-02-28 23:00:00,2023-03-31 22:00:00,2023-02-28,23:00:00,2023-03-31,22:00:00,2023,2,Tuesday,Heavy_Vehicles,1070
73840V2041694,Østre Tangent,RV162 S1D1 m2015,2023-02-28 23:00:00,2023-03-31 22:00:00,2023-02-28,23:00:00,2023-03-31,22:00:00,2023,2,Tuesday,Heavy_Vehicles,987
73840V2041694,Østre Tangent,RV162 S1D1 m2015,2023-02-28 23:00:00,2023-03-31 22:00:00,2023-02-28,23:00:00,2023-03-31,22:00:00,2023,2,Tuesday,Heavy_Vehicles,987
73840V2041694,Østre Tangent,RV162 S1D1 m2015,2023-02-28 23:00:00,2023-03-31 22:00:00,2023-02-28,23:00:00,2023-03-31,22:00:00,2023,2,Tuesday,Heavy_Vehicles,1070
73840V2041694,Østre Tangent,RV162 S1D1 m2015,2023-02-28 23:00:00,2023-03-31 22:00:00,2023-02-28,23:00:00,2023-03-31,22:00:00,2023,2,Tuesday,Heavy_Vehicles,2055
73840V2041694,Østre Tangent,RV162 S1D1 m2015,2023-03-31 22:00:00,2023-04-30 22:00:00,2023-03-31,22:00:00,2023-04-30,22:00:00,2023,3,Friday,Heavy_Vehicles,961
73840V2041694,Østre Tangent,RV162 S1D1 m2015,2023-03-31 22:00:00,2023-04-30 22:00:00,2023-03-31,22:00:00,2023-04-30,22:00:00,2023,3,Friday,Heavy_Vehicles,906
73840V2041694,Østre Tangent,RV162 S1D1 m2015,2023-03-31 22:00:00,2023-04-30 22:00:00,2023-03-31,22:00:00,2023-04-30,22:00:00,2023,3,Friday,Heavy_Vehicles,906
73840V2041694,Østre Tangent,RV162 S1D1 m2015,2023-03-31 22:00:00,2023-04-30 22:00:00,2023-03-31,22:00:00,2023-04-30,22:00:00,2023,3,Friday,Heavy_Vehicles,961
73840V2041694,Østre Tangent,RV162 S1D1 m2015,2023-03-31 22:00:00,2023-04-30 22:00:00,2023-03-31,22:00:00,2023-04-30,22:00:00,2023,3,Friday,Heavy_Vehicles,1866
73840V2041694,Østre Tangent,RV162 S1D1 m2015,2023-04-30 22:00:00,2023-05-31 22:00:00,2023-04-30,22:00:00,2023-05-31,22:00:00,2023,4,Sunday,Heavy_Vehicles,1075
73840V2041694,Østre Tangent,RV162 S1D1 m2015,2023-04-30 22:00:00,2023-05-31 22:00:00,2023-04-30,22:00:00,2023-05-31,22:00:00,2023,4,Sunday,Heavy_Vehicles,1009
73840V2041694,Østre Tangent,RV162 S1D1 m2015,2023-04-30 22:00:00,2023-05-31 22:00:00,2023-04-30,22:00:00,2023-05-31,22:00:00,2023,4,Sunday,Heavy_Vehicles,1008
73840V2041694,Østre Tangent,RV162 S1D1 m2015,2023-04-30 22:00:00,2023-05-31 22:00:00,2023-04-30,22:00:00,2023-05-31,22:00:00,2023,4,Sunday,Heavy_Vehicles,1076
73840V2041694,Østre Tangent,RV162 S1D1 m2015,2023-04-30 22:00:00,2023-05-31 22:00:00,2023-04-30,22:00:00,2023-05-31,22:00:00,2023,4,Sunday,Heavy_Vehicles,2085
73840V2041694,Østre Tangent,RV162 S1D1 m2015,2023-05-31 22:00:00,2023-06-30 22:00:00,2023-05-31,22:00:00,2023-06-30,22:00:00,2023,5,Wednesday,Heavy_Vehicles,1283
73840V2041694,Østre Tangent,RV162 S1D1 m2015,2023-05-31 22:00:00,2023-06-30 22:00:00,2023-05-31,22:00:00,2023-06-30,22:00:00,2023,5,Wednesday,Heavy_Vehicles,1220
73840V2041694,Østre Tangent,RV162 S1D1 m2015,2023-05-31 22:00:00,2023-06-30 22:00:00,2023-05-31,22:00:00,2023-06-30,22:00:00,2023,5,Wednesday,Heavy_Vehicles,1220
73840V2041694,Østre Tangent,RV162 S1D1 m2015,2023-05-31 22:00:00,2023-06-30 22:00:00,2023-05-31,22:00:00,2023-06-30,22:00:00,2023,5,Wednesday,Heavy_Vehicles,1282
73840V2041694,Østre Tangent,RV162 S1D1 m2015,2023-05-31 22:00:00,2023-06-30 22:00:00,2023-05-31,22:00:00,2023-06-30,22:00:00,2023,5,Wednesday,Heavy_Vehicles,2501
73840V2041694,Østre Tangent,RV162 S1D1 m2015,2023-06-30 22:00:00,2023-07-31 22:00:00,2023-06-30,22:00:00,2023-07-31,22:00:00,2023,6,Friday,Heavy_Vehicles,1039
73840V2041694,Østre Tangent,RV162 S1D1 m2015,2023-06-30 22:00:00,2023-07-31 22:00:00,2023-06-30,22:00:00,2023-07-31,22:00:00,2023,6,Friday,Heavy_Vehicles,991
73840V2041694,Østre Tangent,RV162 S1D1 m2015,2023-06-30 22:00:00,2023-07-31 22:00:00,2023-06-30,22:00:00,2023-07-31,22:00:00,2023,6,Friday,Heavy_Vehicles,991
73840V2041694,Østre Tangent,RV162 S1D1 m2015,2023-06-30 22:00:00,2023-07-31 22:00:00,2023-06-30,22:00:00,2023-07-31,22:00:00,2023,6,Friday,Heavy_Vehicles,1039
73840V2041694,Østre Tangent,RV162 S1D1 m2015,2023-06-30 22:00:00,2023-07-31 22:00:00,2023-06-30,22:00:00,2023-07-31,22:00:00,2023,6,Friday,Heavy_Vehicles,2030
73840V2041694,Østre Tangent,RV162 S1D1 m2015,2023-07-31 22:00:00,2023-08-31 22:00:00,2023-07-31,22:00:00,2023-08-31,22:00:00,2023,7,Monday,Heavy_Vehicles,1248
73840V2041694,Østre Tangent,RV162 S1D1 m2015,2023-07-31 22:00:00,2023-08-31 22:00:00,2023-07-31,22:00:00,2023-08-31,22:00:00,2023,7,Monday,Heavy_Vehicles,1163
73840V2041694,Østre Tangent,RV162 S1D1 m2015,2023-07-31 22:00:00,2023-08-31 22:00:00,2023-07-31,22:00:00,2023-08-31,22:00:00,2023,7,Monday,Heavy_Vehicles,1163
73840V2041694,Østre Tangent,RV162 S1D1 m2015,2023-07-31 22:00:00,2023-08-31 22:00:00,2023-07-31,22:00:00,2023-08-31,22:00:00,2023,7,Monday,Heavy_Vehicles,1248
73840V2041694,Østre Tangent,RV162 S1D1 m2015,2023-07-31 22:00:00,2023-08-31 22:00:00,2023-07-31,22:00:00,2023-08-31,22:00:00,2023,7,Monday,Heavy_Vehicles,2413
73840V2041694,Østre Tangent,RV162 S1D1 m2015,2023-08-31 22:00:00,2023-09-30 22:00:00,2023-08-31,22:00:00,2023-09-30,22:00:00,2023,8,Thursday,Heavy_Vehicles,1166
73840V2041694,Østre Tangent,RV162 S1D1 m2015,2023-08-31 22:00:00,2023-09-30 22:00:00,2023-08-31,22:00:00,2023-09-30,22:00:00,2023,8,Thursday,Heavy_Vehicles,1113
73840V2041694,Østre Tangent,RV162 S1D1 m2015,2023-08-31 22:00:00,2023-09-30 22:00:00,2023-08-31,22:00:00,2023-09-30,22:00:00,2023,8,Thursday,Heavy_Vehicles,1113
73840V2041694,Østre Tangent,RV162 S1D1 m2015,2023-08-31 22:00:00,2023-09-30 22:00:00,2023-08-31,22:00:00,2023-09-30,22:00:00,2023,8,Thursday,Heavy_Vehicles,1166
73840V2041694,Østre Tangent,RV162 S1D1 m2015,2023-08-31 22:00:00,2023-09-30 22:00:00,2023-08-31,22:00:00,2023-09-30,22:00:00,2023,8,Thursday,Heavy_Vehicles,2277
73840V2041694,Østre Tangent,RV162 S1D1 m2015,2023-09-30 22:00:00,2023-10-31 23:00:00,2023-09-30,22:00:00,2023-10-31,23:00:00,2023,9,Saturday,Heavy_Vehicles,1143
73840V2041694,Østre Tangent,RV162 S1D1 m2015,2023-09-30 22:00:00,2023-10-31 23:00:00,2023-09-30,22:00:00,2023-10-31,23:00:00,2023,9,Saturday,Heavy_Vehicles,1094
73840V2041694,Østre Tangent,RV162 S1D1 m2015,2023-09-30 22:00:00,2023-10-31 23:00:00,2023-09-30,22:00:00,2023-10-31,23:00:00,2023,9,Saturday,Heavy_Vehicles,1094
73840V2041694,Østre Tangent,RV162 S1D1 m2015,2023-09-30 22:00:00,2023-10-31 23:00:00,2023-09-30,22:00:00,2023-10-31,23:00:00,2023,9,Saturday,Heavy_Vehicles,1143
73840V2041694,Østre Tangent,RV162 S1D1 m2015,2023-09-30 22:00:00,2023-10-31 23:00:00,2023-09-30,22:00:00,2023-10-31,23:00:00,2023,9,Saturday,Heavy_Vehicles,2236
73840V2041694,Østre Tangent,RV162 S1D1 m2015,2023-10-31 23:00:00,2023-11-30 23:00:00,2023-10-31,23:00:00,2023-11-30,23:00:00,2023,10,Tuesday,Heavy_Vehicles,1164
73840V2041694,Østre Tangent,RV162 S1D1 m2015,2023-10-31 23:00:00,2023-11-30 23:00:00,2023-10-31,23:00:00,2023-11-30,23:00:00,2023,10,Tuesday,Heavy_Vehicles,1068
73840V2041694,Østre Tangent,RV162 S1D1 m2015,2023-10-31 23:00:00,2023-11-30 23:00:00,2023-10-31,23:00:00,2023-11-30,23:00:00,2023,10,Tuesday,Heavy_Vehicles,1068
73840V2041694,Østre Tangent,RV162 S1D1 m2015,2023-10-31 23:00:00,2023-11-30 23:00:00,2023-10-31,23:00:00,2023-11-30,23:00:00,2023,10,Tuesday,Heavy_Vehicles,1164
73840V2041694,Østre Tangent,RV162 S1D1 m2015,2023-10-31 23:00:00,2023-11-30 23:00:00,2023-10-31,23:00:00,2023-11-30,23:00:00,2023,10,Tuesday,Heavy_Vehicles,2231
73840V2041694,Østre Tangent,RV162 S1D1 m2015,2023-11-30 23:00:00,2023-12-31 23:00:00,2023-11-30,23:00:00,2023-12-31,23:00:00,2023,11,Thursday,Heavy_Vehicles,969
73840V2041694,Østre Tangent,RV162 S1D1 m2015,2023-11-30 23:00:00,2023-12-31 23:00:00,2023-11-30,23:00:00,2023-12-31,23:00:00,2023,11,Thursday,Heavy_Vehicles,901
73840V2041694,Østre Tangent,RV162 S1D1 m2015,2023-11-30 23:00:00,2023-12-31 23:00:00,2023-11-30,23:00:00,2023-12-31,23:00:00,2023,11,Thursday,Heavy_Vehicles,901
73840V2041694,Østre Tangent,RV162 S1D1 m2015,2023-11-30 23:00:00,2023-12-31 23:00:00,2023-11-30,23:00:00,2023-12-31,23:00:00,2023,11,Thursday,Heavy_Vehicles,969
73840V2041694,Østre Tangent,RV162 S1D1 m2015,2023-11-30 23:00:00,2023-12-31 23:00:00,2023-11-30,23:00:00,2023-12-31,23:00:00,2023,11,Thursday,Heavy_Vehicles,1871
73840V2041694,Østre Tangent,RV162 S1D1 m2015,2023-12-31 23:00:00,2024-01-31 23:00:00,2023-12-31,23:00:00,2024-01-31,23:00:00,2023,12,Sunday,Heavy_Vehicles,1040
73840V2041694,Østre Tangent,RV162 S1D1 m2015,2023-12-31 23:00:00,2024-01-31 23:00:00,2023-12-31,23:00:00,2024-01-31,23:00:00,2023,12,Sunday,Heavy_Vehicles,1002
73840V2041694,Østre Tangent,RV162 S1D1 m2015,2023-12-31 23:00:00,2024-01-31 23:00:00,2023-12-31,23:00:00,2024-01-31,23:00:00,2023,12,Sunday,Heavy_Vehicles,1002
73840V2041694,Østre Tangent,RV162 S1D1 m2015,2023-12-31 23:00:00,2024-01-31 23:00:00,2023-12-31,23:00:00,2024-01-31,23:00:00,2023,12,Sunday,Heavy_Vehicles,1040
73840V2041694,Østre Tangent,RV162 S1D1 m2015,2023-12-31 23:00:00,2024-01-31 23:00:00,2023-12-31,23:00:00,2024-01-31,23:00:00,2023,12,Sunday,Heavy_Vehicles,2045
73840V2041694,Østre Tangent,RV162 S1D1 m2015,2024-01-31 23:00:00,2024-02-29 23:00:00,2024-01-31,23:00:00,2024-02-29,23:00:00,2024,1,Wednesday,Heavy_Vehicles,1108
73840V2041694,Østre Tangent,RV162 S1D1 m2015,2024-01-31 23:00:00,2024-02-29 23:00:00,2024-01-31,23:00:00,2024-02-29,23:00:00,2024,1,Wednesday,Heavy_Vehicles,1026
73840V2041694,Østre Tangent,RV162 S1D1 m2015,2024-01-31 23:00:00,2024-02-29 23:00:00,2024-01-31,23:00:00,2024-02-29,23:00:00,2024,1,Wednesday,Heavy_Vehicles,1026
73840V2041694,Østre Tangent,RV162 S1D1 m2015,2024-01-31 23:00:00,2024-02-29 23:00:00,2024-01-31,23:00:00,2024-02-29,23:00:00,2024,1,Wednesday,Heavy_Vehicles,1108
73840V2041694,Østre Tangent,RV162 S1D1 m2015,2024-01-31 23:00:00,2024-02-29 23:00:00,2024-01-31,23:00:00,2024-02-29,23:00:00,2024,1,Wednesday,Heavy_Vehicles,2134
73840V2041694,Østre Tangent,RV162 S1D1 m2015,2024-02-29 23:00:00,2024-03-31 22:00:00,2024-02-29,23:00:00,2024-03-31,22:00:00,2024,2,Thursday,Heavy_Vehicles,1025
73840V2041694,Østre Tangent,RV162 S1D1 m2015,2024-02-29 23:00:00,2024-03-31 22:00:00,2024-02-29,23:00:00,2024-03-31,22:00:00,2024,2,Thursday,Heavy_Vehicles,918
73840V2041694,Østre Tangent,RV162 S1D1 m2015,2024-02-29 23:00:00,2024-03-31 22:00:00,2024-02-29,23:00:00,2024-03-31,22:00:00,2024,2,Thursday,Heavy_Vehicles,918
73840V2041694,Østre Tangent,RV162 S1D1 m2015,2024-02-29 23:00:00,2024-03-31 22:00:00,2024-02-29,23:00:00,2024-03-31,22:00:00,2024,2,Thursday,Heavy_Vehicles,1025
73840V2041694,Østre Tangent,RV162 S1D1 m2015,2024-02-29 23:00:00,2024-03-31 22:00:00,2024-02-29,23:00:00,2024-03-31,22:00:00,2024,2,Thursday,Heavy_Vehicles,1943
73840V2041694,Østre Tangent,RV162 S1D1 m2015,2024-03-31 22:00:00,2024-04-30 22:00:00,2024-03-31,22:00:00,2024-04-30,22:00:00,2024,3,Sunday,Heavy_Vehicles,1149
73840V2041694,Østre Tangent,RV162 S1D1 m2015,2024-03-31 22:00:00,2024-04-30 22:00:00,2024-03-31,22:00:00,2024-04-30,22:00:00,2024,3,Sunday,Heavy_Vehicles,1043
73840V2041694,Østre Tangent,RV162 S1D1 m2015,2024-03-31 22:00:00,2024-04-30 22:00:00,2024-03-31,22:00:00,2024-04-30,22:00:00,2024,3,Sunday,Heavy_Vehicles,1043
73840V2041694,Østre Tangent,RV162 S1D1 m2015,2024-03-31 22:00:00,2024-04-30 22:00:00,2024-03-31,22:00:00,2024-04-30,22:00:00,2024,3,Sunday,Heavy_Vehicles,1149
73840V2041694,Østre Tangent,RV162 S1D1 m2015,2024-03-31 22:00:00,2024-04-30 22:00:00,2024-03-31,22:00:00,2024-04-30,22:00:00,2024,3,Sunday,Heavy_Vehicles,2195
73840V2041694,Østre Tangent,RV162 S1D1 m2015,2024-04-30 22:00:00,2024-05-31 22:00:00,2024-04-30,22:00:00,2024-05-31,22:00:00,2024,4,Tuesday,Heavy_Vehicles,1124
73840V2041694,Østre Tangent,RV162 S1D1 m2015,2024-04-30 22:00:00,2024-05-31 22:00:00,2024-04-30,22:00:00,2024-05-31,22:00:00,2024,4,Tuesday,Heavy_Vehicles,1033
73840V2041694,Østre Tangent,RV162 S1D1 m2015,2024-04-30 22:00:00,2024-05-31 22:00:00,2024-04-30,22:00:00,2024-05-31,22:00:00,2024,4,Tuesday,Heavy_Vehicles,1034
73840V2041694,Østre Tangent,RV162 S1D1 m2015,2024-04-30 22:00:00,2024-05-31 22:00:00,2024-04-30,22:00:00,2024-05-31,22:00:00,2024,4,Tuesday,Heavy_Vehicles,1124
73840V2041694,Østre Tangent,RV162 S1D1 m2015,2024-04-30 22:00:00,2024-05-31 22:00:00,2024-04-30,22:00:00,2024-05-31,22:00:00,2024,4,Tuesday,Heavy_Vehicles,2159
